0,1,2,3,4,fold
0.06602887,0.022425435,0.005766991,0.0015100435,0.9042686,1
0.11241006,0.83241063,0.0010041798,0.0008711113,0.053303964,1
0.59588015,0.011125822,0.33124632,0.024356106,0.03739158,1
4.716162e-05,6.194007e-05,0.00022120035,0.00020248214,0.9994672,1
0.0010834455,0.0022289408,0.0012613576,0.0006775934,0.99474865,1
0.00084642146,0.0004151941,0.00094959105,0.0010838213,0.996705,1
0.17716734,0.008900857,0.008512669,0.008175951,0.7972432,1
0.00046691424,0.000183044,0.00033943963,0.00038436468,0.99862623,1
0.22131532,0.43437436,0.05271215,0.01772658,0.27387163,1
0.01866147,0.42978182,0.01863341,0.0072836913,0.52563953,1
0.00035762208,8.46016e-05,0.00074641465,0.00057658297,0.99823475,1
0.0019647127,0.770792,0.0027063845,0.000706043,0.22383088,1
0.10177271,0.6502112,0.010259641,0.0069203167,0.23083612,1
0.0027944362,0.0003691635,0.002229715,0.0020706921,0.99253607,1
0.008316594,0.83056486,0.0026571774,0.0016898683,0.15677154,1
0.0016172895,0.00022808295,0.0005203875,0.00051581266,0.9971185,1
0.029471079,0.9096809,0.0033305697,0.0018809385,0.055636443,1
0.021753691,0.8976685,0.031029982,0.007851459,0.041696284,1
0.009893095,0.002932154,0.0048197787,0.0044346233,0.9779204,1
0.011458596,0.21180509,0.014458525,0.0060709375,0.75620687,1
0.005582988,0.015029883,0.0023607404,0.0021457153,0.97488064,1
0.05258038,0.9233175,0.0066778357,0.014823652,0.0026006456,1
0.0072985655,0.08284795,0.0036787991,0.0032284912,0.9029461,1
0.021583712,0.9518482,0.0015370168,0.0022332186,0.022797814,1
0.029870704,0.017897855,0.036004666,0.016418189,0.89980865,1
0.13272738,0.10297054,0.011035074,0.0047124955,0.7485545,1
0.00321973,0.060081657,0.0016317,0.0012549047,0.933812,1
0.071119,0.07092935,0.0008067809,0.00036435938,0.8567805,1
0.2457318,0.28442246,0.082425185,0.02451745,0.36290315,1
0.001935214,0.0008905656,0.00026878112,0.0003235025,0.996582,1
0.31357884,0.43861517,0.13530517,0.034165386,0.07833546,1
0.029857699,0.33185083,0.0057005803,0.0015857832,0.63100517,1
0.024098141,0.14242306,0.0070395875,0.004216442,0.82222277,1
0.00049465266,0.00026649123,0.000158708,0.00020289849,0.9988772,1
0.0010639364,0.004344026,0.0006480813,0.0004532953,0.9934907,1
0.0018696047,8.2825965e-05,0.00027687204,0.0003417989,0.99742883,1
0.013980841,0.45127603,0.010607417,0.007114484,0.5170212,1
0.0010782155,0.043588772,0.0010113643,0.00042596107,0.9538956,1
0.0146811055,0.8400217,0.08640991,0.04784444,0.011042877,1
0.007753746,0.97436935,0.0012588927,0.000632296,0.015985645,1
0.0007152924,1.2213582e-05,4.4382537e-05,3.1182673e-05,0.99919695,1
0.092315435,0.43092608,0.28751138,0.086748235,0.10249881,1
0.023706408,0.012032842,0.082761146,0.023445565,0.8580541,1
0.049740124,0.9336573,0.0043635927,0.008866745,0.0033722913,1
0.01883088,0.009728642,0.0057571954,0.0067255786,0.9589577,1
0.00044137918,0.0019736027,0.00084796373,0.0003352396,0.9964018,1
0.7588904,0.017842855,0.0040637325,0.0032468438,0.21595614,1
0.7645449,0.020461785,0.007677005,0.008284064,0.1990323,1
0.0031386858,0.03110327,0.00053868693,0.00045400028,0.96476537,1
0.012424494,0.004715455,0.0014039986,0.0020268413,0.9794292,1
0.56821,0.050392587,0.012837741,0.005546918,0.36301273,1
0.049238317,0.16185093,0.012448064,0.013540876,0.76292187,1
0.023615042,0.24051459,0.21554951,0.34258166,0.17773925,1
0.08820642,0.0058920067,0.009257364,0.0038280778,0.89281607,1
0.94908756,0.022483729,0.010032673,0.017480817,0.0009151411,1
0.0020812235,0.20477046,0.0008052705,0.00020053658,0.79214245,1
0.0065390533,7.471156e-05,0.00093728025,0.00053743715,0.9919116,1
0.0008805658,1.8870349e-05,4.3928092e-05,2.7473901e-05,0.99902916,1
0.016574785,0.0010600646,0.0010094498,0.0011715424,0.98018414,1
0.037415452,0.8931992,0.019422403,0.015180252,0.03478271,1
0.019543823,0.0024595526,0.00068493234,0.00046134097,0.9768504,1
0.0073958384,0.025830118,0.009614082,0.005201471,0.95195854,1
0.009626403,0.026141746,0.09887729,0.023885489,0.8414691,1
0.015561476,0.77623355,0.15976833,0.033572532,0.014864052,1
0.48965347,0.47661462,0.0103394985,0.019553356,0.0038390406,1
0.07744059,0.30560324,0.1987613,0.055105854,0.363089,1
0.000120362405,4.6914985e-05,0.00014779605,0.00016248514,0.99952245,1
0.015481179,0.9706171,0.002129523,0.0027994907,0.008972546,1
0.00634274,0.15534799,0.004977424,0.0018018993,0.83153,1
0.0030800179,0.002369243,0.00067786954,0.0004114199,0.9934615,1
0.008166607,0.0610726,0.006858806,0.00329315,0.9206088,1
0.0021059434,0.5573066,0.0021370691,0.00049123226,0.43795913,1
0.036247015,0.5936655,0.08090458,0.03128521,0.25789773,1
0.061555855,0.02672384,0.12419,0.06585019,0.7216801,1
0.021722455,0.01527251,0.005877785,0.011930215,0.9451971,1
0.00047116025,0.0011961269,0.00028113424,0.00010711721,0.9979444,1
0.0038007929,0.009429184,0.0016849053,0.0014319434,0.9836532,1
0.0031794629,0.11507298,0.0022550346,0.0009462689,0.87854624,1
0.09169609,0.005717707,0.0068779965,0.0028129974,0.8928952,1
0.00014738485,2.7137958e-05,0.00062764075,0.00025900197,0.99893886,1
0.01239869,0.4144878,0.017244216,0.0044717835,0.5513975,1
0.00061634777,0.0010864653,0.0003653882,0.0005865369,0.99734527,1
0.023243666,0.5929215,0.009608768,0.003651166,0.37057495,1
0.015876967,0.8835305,0.00556713,0.0027687969,0.09225647,1
0.14600544,0.059549112,0.0040866327,0.0026487191,0.78771013,1
0.0003751872,6.803523e-05,0.0005578219,0.00042568648,0.9985733,1
0.0021106864,0.00024238174,0.0014248453,0.0012426109,0.99497944,1
0.121250734,0.007121433,0.0018826814,0.0008666436,0.8688785,1
0.00071882934,0.06556195,0.00091286545,0.0002407664,0.93256557,1
0.006408939,0.008232977,0.0048623905,0.0027517907,0.9777439,1
0.00014953622,1.02771355e-05,0.00022937098,0.00027518222,0.9993356,1
0.020172875,0.0057005244,0.068170495,0.019150928,0.88680524,1
0.0062843417,0.05317311,0.0014314811,0.00045568057,0.9386554,1
0.045232084,0.82692677,0.049200416,0.03392047,0.044720225,1
0.5947944,0.38694444,0.002274212,0.012944427,0.0030425426,1
0.003452051,0.00012658854,0.0006731545,0.00044370338,0.99530447,1
0.088738315,0.0036868532,0.0027090388,0.0030426085,0.9018232,1
0.00393163,0.013959578,0.0017319476,0.00093843375,0.9794384,1
0.0027864554,0.0308603,0.0004093694,0.00015629493,0.9657876,1
0.74810857,0.13205503,0.032239698,0.034332957,0.05326374,1
0.009971949,0.07600188,0.0032618307,0.0013004768,0.9094638,1
0.005080847,0.004611837,0.0012053894,0.0009403428,0.9881615,1
0.25623047,0.47024092,0.14098437,0.08693665,0.045607597,1
0.017199593,0.0011416067,0.0022662738,0.0018777207,0.9775148,1
0.07969386,0.5274498,0.023787893,0.01518108,0.35388738,1
0.11251996,0.014445138,0.008361991,0.0078778695,0.8567951,1
0.853361,0.03870449,0.007612175,0.012696265,0.087626174,1
0.062296193,0.8960197,0.009572384,0.009090759,0.02302111,1
0.059623715,0.55262756,0.025203202,0.029822584,0.3327229,1
0.026859824,0.9415663,0.0049350024,0.0064484156,0.02019047,1
0.26136523,0.0110118035,0.047080923,0.011872497,0.6686696,1
0.08703164,0.8366328,0.0020622697,0.0018476567,0.0724256,1
0.0019753508,0.00579617,0.00054431363,0.00024886956,0.9914352,1
0.19327565,0.0014637113,0.0008395124,0.00071001257,0.8037111,1
0.276892,0.2008513,0.022236716,0.012247473,0.4877725,1
0.0008120335,2.758383e-05,0.00045692135,0.0004369429,0.9982665,1
0.08650818,0.0056078,0.0027226019,0.0027387806,0.90242267,1
0.11200561,0.042514015,0.019126294,0.004731384,0.82162267,1
0.0009469465,0.0005686422,0.00059018616,0.0005425166,0.99735177,1
0.029916776,0.1642668,0.3140753,0.06624331,0.42549783,1
0.043810334,0.1435506,0.42257375,0.07983001,0.31023523,1
0.012105142,0.12401816,0.01900045,0.010853173,0.83402306,1
0.049408246,0.07061818,0.006530189,0.0034324576,0.8700109,1
0.014245642,0.0051198397,0.0045944424,0.00430568,0.9717344,1
0.016897703,0.07466213,0.009985752,0.008095215,0.89035916,1
0.02451231,0.2911928,0.0034707212,0.0016562829,0.6791679,1
0.3859703,0.049689557,0.06476163,0.20140445,0.29817402,1
0.010675029,0.00087264454,0.0012620378,0.0006197184,0.98657054,1
0.24577673,0.031219507,0.021233078,0.012771119,0.68899953,1
0.00036160677,0.00070799305,0.00019036648,0.000121663856,0.99861836,1
0.040169477,0.552106,0.13842788,0.05070957,0.21858707,1
0.051111158,0.21967058,0.026817119,0.031004727,0.67139643,1
0.009385711,0.0025127023,0.00073027704,0.00045214777,0.9869192,1
0.0027255625,0.32143596,0.0018713912,0.0006852704,0.6732818,1
0.044554833,0.9470711,0.0026455252,0.0033672655,0.0023613118,1
0.0007267635,0.02117348,0.001261395,0.0003515193,0.97648686,1
0.9432482,0.015570892,0.0076865912,0.009665315,0.023829008,1
0.0006932627,0.00016829278,0.0008151868,0.0014704398,0.9968528,1
0.00026346667,6.7933135e-05,0.00033826454,0.0004005203,0.9989298,1
0.119139776,0.028482383,0.009627521,0.014268291,0.828482,2
0.0035372043,0.013390856,0.0019228504,0.00296133,0.9781878,2
0.0003444545,0.99397707,0.0043803444,0.0012651373,3.2922744e-05,2
0.010348822,0.897031,0.01493234,0.006748601,0.070939206,2
0.00010073289,0.0007281408,0.0016099374,0.001470253,0.99609095,2
0.2670726,0.009346511,0.008696002,0.0061986316,0.70868623,2
0.0043099956,0.003061377,0.0018280073,0.0016085873,0.98919207,2
0.0005331818,0.002996932,0.00038589764,0.0003462177,0.9957378,2
0.80684346,0.07933512,0.032061372,0.023127709,0.05863235,2
0.09699945,0.19241802,0.020174708,0.025720863,0.6646869,2
0.0017949869,0.001416668,0.0016460702,0.0023505988,0.99279165,2
0.040053632,0.03176746,0.4226321,0.04088136,0.4646655,2
0.10042334,0.28901178,0.03654647,0.031547837,0.5424706,2
0.0735904,0.08280041,0.019714804,0.014132661,0.80976176,2
0.0090919165,0.053797465,0.0056237006,0.003609895,0.92787707,2
0.048650566,0.6839955,0.01958329,0.021308417,0.22646223,2
0.03290474,0.09946798,0.012466003,0.01064588,0.84451544,2
0.0043715807,0.0177852,0.0057194927,0.0051645567,0.9669592,2
0.0045098304,0.012096437,0.0025276595,0.004512394,0.97635365,2
0.060610954,0.52358913,0.028879,0.022834705,0.36408615,2
0.2817641,0.17710084,0.02514245,0.044013202,0.47197935,2
0.00015423793,0.001426131,0.0023895993,0.0019816484,0.99404836,2
0.83631116,0.06058446,0.024312709,0.017489664,0.06130204,2
0.10447661,0.020780483,0.016237006,0.010174473,0.8483314,2
0.0709958,0.011920346,0.016047036,0.011621641,0.88941514,2
0.004956893,0.07699942,0.004944724,0.0041413903,0.9089576,2
0.068526134,0.8575114,0.04478774,0.022819364,0.006355338,2
0.030407494,0.062501855,0.01539916,0.013521951,0.87816954,2
0.0009773662,0.003917205,0.0023169771,0.002821792,0.98996663,2
0.025128495,0.24379908,0.01574481,0.010124484,0.70520324,2
0.22860454,0.043210384,0.019421581,0.013589294,0.6951742,2
0.017671263,0.67972517,0.02871044,0.0155224595,0.25837067,2
0.007989364,0.0017887986,0.0038769415,0.009686957,0.976658,2
0.7897471,0.023636026,0.021155676,0.013728486,0.15173277,2
0.010414199,0.0015660499,0.0027589,0.003087125,0.9821737,2
0.04011409,0.0020648653,0.03636786,0.0067466167,0.9147065,2
0.0061126216,0.095744826,0.004956106,0.008820713,0.88436574,2
0.18580747,0.45240209,0.12660447,0.08449934,0.15068668,2
0.000121296274,5.4559125e-05,0.00062699296,0.00069766375,0.9984995,2
0.0010216114,0.003565975,0.0011969851,0.0015238604,0.9926916,2
0.00470999,0.00043471874,0.0018137879,0.0023397144,0.9907018,2
0.0069255773,0.98616934,0.003182249,0.0036989232,2.3869712e-05,2
0.0049432153,0.0048920894,0.0017060379,0.0018452597,0.98661333,2
0.0028506278,0.023211837,0.006388922,0.006206338,0.9613422,2
0.030667277,0.22549842,0.009636281,0.010993209,0.7232048,2
0.044214714,0.73220056,0.013992191,0.014553633,0.1950389,2
0.00105604,0.000899751,0.0027214654,0.0013252477,0.99399745,2
0.94590133,0.011912138,0.01563799,0.016315958,0.010232573,2
0.19168316,0.7158844,0.024327744,0.02332356,0.044781204,2
0.1601599,0.3510218,0.079259805,0.06272004,0.34683838,2
0.16614613,0.060086414,0.025811834,0.019124018,0.7288316,2
0.0058828527,0.01792455,0.007152859,0.0060191453,0.96302056,2
0.9365616,0.026528684,0.009953453,0.007337932,0.019618489,2
0.0060314774,0.03919463,0.005124265,0.0032530013,0.94639665,2
0.009322199,0.0045107054,0.006168082,0.0110554565,0.9689436,2
0.029252566,0.004947031,0.0057222475,0.0050590145,0.9550191,2
0.00278516,0.0006525453,0.0013963674,0.0023970595,0.9927689,2
0.022760097,0.34621936,0.017416164,0.013540184,0.6000643,2
0.008821299,0.7412739,0.034511875,0.019512836,0.19588004,2
0.027449489,0.82185835,0.014230832,0.011519804,0.12494158,2
0.030447142,0.016375335,0.32374406,0.03598852,0.59344494,2
0.050918557,0.8130563,0.020496523,0.023508396,0.09202029,2
0.025789341,0.006736138,0.0055236174,0.00931862,0.95263225,2
0.11561484,0.060120765,0.011564717,0.013842204,0.7988575,2
0.19315307,0.6277888,0.034116905,0.046083722,0.09885749,2
0.0050638136,0.0032802718,0.0054275836,0.008703082,0.9775252,2
0.055920407,0.0027484528,0.0017809268,0.00089441164,0.9386558,2
0.017738933,0.11216228,0.005158723,0.0051434864,0.8597966,2
0.0037274847,0.0014363581,0.0025473172,0.0020382754,0.9902506,2
0.018448394,0.0015946607,0.008129237,0.0074698813,0.9643578,2
0.022043033,0.9581956,0.0074924524,0.008465657,0.0038032164,2
0.0030412094,0.00044022108,0.0008168647,0.0014465112,0.99425524,2
0.07274735,0.04015284,0.024089755,0.02475065,0.83825946,2
0.018870054,0.042505965,0.005949536,0.003711226,0.92896324,2
0.005378348,0.06261452,0.0041924277,0.0036424566,0.9241722,2
0.006882501,0.03833061,0.002436338,0.0015835065,0.95076704,2
0.24540311,0.37826988,0.031557865,0.03639008,0.30837902,2
0.06642454,0.016826717,0.007214265,0.011775639,0.8977588,2
0.014929086,0.004162006,0.0019783701,0.0018299028,0.9771006,2
0.0038601959,0.00046462644,0.0022830456,0.0023775434,0.99101454,2
0.007576128,0.046923302,0.006573193,0.0060976073,0.9328298,2
0.0044620503,0.00535433,0.04446092,0.014731846,0.9309908,2
9.233814e-05,1.4458158e-05,0.0016296778,0.0024384526,0.99582505,2
0.0005301782,0.0016140627,0.001570458,0.0019920259,0.99429333,2
0.008791778,0.004029611,0.006128619,0.010326194,0.9707238,2
0.006024466,0.00024884136,0.00172401,0.0020554313,0.98994726,2
0.006957644,0.027569361,0.008358777,0.0103308605,0.9467834,2
0.012773498,0.26564553,0.016501524,0.012784163,0.6922953,2
0.023365572,0.22144026,0.10882468,0.029229509,0.61714005,2
0.017015455,0.14840318,0.00725694,0.006858674,0.8204657,2
0.030723967,0.001987029,0.0060577765,0.00508387,0.9561474,2
0.0003232973,0.00030621613,0.00128816,0.004122184,0.99396014,2
0.0031100516,0.0017529029,0.0016460294,0.0014621349,0.9920289,2
0.00933387,0.0798807,0.00637345,0.0079176035,0.8964944,2
0.0011432711,0.002597635,0.0012284467,0.0016867706,0.99334383,2
0.07079066,0.49542505,0.0289217,0.034384865,0.3704778,2
0.108047605,0.7960864,0.038891345,0.022129647,0.034845043,2
0.009337365,0.13861705,0.010217129,0.009042785,0.8327856,2
0.0035421355,0.114919014,0.009449024,0.008949343,0.8631405,2
0.13785361,0.762008,0.020579396,0.021807745,0.05775125,2
0.002428171,0.0011256654,0.002032229,0.00364168,0.99077225,2
0.020052092,0.0127606075,0.0053133033,0.0046470896,0.9572269,2
0.0013153534,0.020468956,0.00609659,0.0056373384,0.9664817,2
0.75959426,0.18841013,0.025670007,0.023769874,0.002555691,2
0.0047903494,0.98419064,0.0054690605,0.004075835,0.0014740602,2
0.033733603,0.026134865,0.014773622,0.012835141,0.91252273,2
0.03322193,0.40820563,0.018473886,0.015726278,0.5243723,2
0.13047308,0.6530138,0.05692427,0.026806535,0.13278233,2
0.030643193,0.41574168,0.012614712,0.012075341,0.528925,2
0.0013465987,9.541764e-05,0.0010093381,0.0022212937,0.99532735,2
0.014453271,0.00529337,0.14819673,0.15005836,0.6819983,2
0.03950513,0.029794887,0.027930845,0.17839728,0.72437185,2
0.00078909163,0.0003440945,0.002653919,0.014015967,0.9821969,2
0.010661902,0.0009324465,0.0020103694,0.003145336,0.98324996,2
0.22450599,0.31612396,0.098276384,0.070304714,0.29078892,2
0.43445697,0.12013522,0.07732359,0.052649785,0.31543443,2
0.01256868,0.055076215,0.018074311,0.011013699,0.9032671,2
0.12407237,0.40568992,0.0187138,0.017718602,0.43380523,2
0.2504632,0.0012898284,0.007702495,0.009215281,0.7313292,2
0.03199061,0.93967813,0.016932605,0.010316252,0.0010824709,2
0.014245643,0.14082764,0.008870482,0.0063627637,0.8296935,2
0.116636604,0.0054304176,0.492615,0.032645706,0.35267228,2
0.30768692,0.07025019,0.04393324,0.075892694,0.50223696,2
0.038866103,0.9117624,0.021317706,0.02319704,0.004856781,2
0.355459,0.5433325,0.041775126,0.049719546,0.009713765,2
0.001117974,0.00013853467,0.004516201,0.0069403816,0.9872869,2
0.006525228,0.000194857,0.0028277244,0.005829196,0.984623,2
0.14816211,0.24993166,0.018137857,0.02114594,0.5626224,2
0.016967466,0.95723814,0.016266545,0.009122643,0.00040516185,2
0.0064597633,0.16253477,0.013128764,0.012521104,0.8053556,2
0.015963914,0.9764168,0.0025378147,0.0050743273,7.0515794e-06,2
0.003073004,0.02241611,0.002044087,0.00376279,0.96870404,2
0.6181687,0.26939246,0.027744588,0.04108625,0.043607995,2
0.00036397003,6.5674714e-05,0.0005599103,0.0004914772,0.998519,2
0.0036826518,0.00070966146,0.0037439642,0.0040149544,0.98784876,2
0.031042341,0.0057338616,0.0036137688,0.005791506,0.95381856,2
0.14156966,0.8376581,0.009043684,0.011403105,0.0003254402,2
0.0008994154,0.0011419733,0.0012832372,0.0012632515,0.9954122,2
0.30672297,0.089705944,0.026046708,0.021445202,0.55607915,2
0.0797295,0.12945357,0.06418585,0.038420245,0.68821084,3
0.6299567,0.11384326,0.021022284,0.0252007,0.20997696,3
0.07015777,0.906839,0.008277061,0.012978755,0.0017475236,3
0.050027076,0.94441986,0.0021680046,0.0033078464,7.720003e-05,3
0.0068770247,0.0011939722,0.0015571169,0.0012964903,0.9890754,3
0.08015965,0.25523004,0.19135018,0.040884383,0.43237582,3
0.7368833,0.25038922,0.0044693314,0.007801304,0.0004569841,3
0.031255297,0.19516423,0.017054403,0.013831445,0.7426946,3
0.01168644,0.9833277,0.0014048404,0.0035690267,1.2090885e-05,3
0.049193628,0.022588354,0.004323723,0.003683475,0.92021084,3
0.0810101,0.675311,0.00988089,0.014816446,0.2189815,3
0.0082163485,0.004029134,0.003853688,0.0030680562,0.9808328,3
0.02289982,0.39039466,0.040236983,0.017956842,0.52851176,3
0.09209877,0.46920335,0.022908168,0.011385457,0.40440422,3
0.040208925,0.527236,0.009691169,0.0069919894,0.41587195,3
0.0025556376,0.011270003,0.007590997,0.0030950538,0.97548825,3
0.001272517,0.006966697,0.003685588,0.00508293,0.98299223,3
0.040852703,0.5522655,0.054121315,0.035393834,0.3173666,3
0.07352203,0.07523193,0.07631094,0.05668651,0.71824855,3
0.011553269,0.055766914,0.008345083,0.008661895,0.91567284,3
0.07476921,0.032953747,0.021839602,0.027513158,0.8429243,3
0.04027775,0.22806367,0.01047277,0.009305987,0.7118798,3
0.0014324612,0.0028388398,0.002377259,0.0027940748,0.9905573,3
0.003823192,0.98542064,0.0034116043,0.002780735,0.0045637796,3
0.08014092,0.0080664335,0.008918448,0.009440848,0.89343333,3
0.016246714,0.046534944,0.0051110145,0.0032280139,0.9288793,3
0.16607599,0.08051828,0.023158567,0.009674687,0.7205725,3
0.010421869,0.06004408,0.0096757505,0.009778874,0.9100794,3
0.8483931,0.040711388,0.0074565657,0.011755732,0.091683224,3
0.025125917,0.008249658,0.004542746,0.0023150875,0.9597666,3
0.002014571,0.00054191385,0.0024126014,0.0033655819,0.9916653,3
0.54773366,0.033985432,0.016220827,0.01939778,0.3826624,3
0.013677283,0.3716669,0.056179713,0.025981076,0.53249496,3
0.11690611,0.38371444,0.019253142,0.015482529,0.46464378,3
0.18712656,0.5018681,0.016094606,0.019645877,0.2752649,3
0.00795554,0.004555752,0.058631226,0.010726765,0.91813076,3
0.115538634,0.041460034,0.07845971,0.04236287,0.72217876,3
0.17418396,0.03722973,0.012891394,0.009317069,0.76637787,3
0.043204613,0.0007658735,0.0029368803,0.0055797184,0.94751287,3
0.0021553244,0.00033566388,0.0010543037,0.0010266786,0.99542797,3
0.8814599,0.022532437,0.025304968,0.034258228,0.03644451,3
0.0036231782,0.99604493,0.00018485072,0.00014605864,9.240037e-07,3
0.009491116,0.004555998,0.0047678538,0.005717069,0.975468,3
0.2969472,0.0092120385,0.012213485,0.005459308,0.67616796,3
0.0037788863,0.0035086574,0.00315862,0.0043183304,0.98523545,3
0.0148088075,0.8475565,0.086766824,0.022492025,0.028375808,3
0.0040221172,0.0040932833,0.0124521395,0.0032120722,0.97622037,3
0.0013043567,0.0016202892,0.0018040646,0.001379191,0.9938921,3
0.0035147949,0.003544631,0.0019343949,0.0057926658,0.98521346,3
0.036991995,0.923574,0.028919885,0.009773918,0.0007402076,3
0.009402644,0.040720444,0.003932024,0.0031374819,0.9428074,3
0.012027716,0.26604673,0.003569305,0.0022389318,0.7161173,3
0.010972224,0.0023786544,0.0043531572,0.0029093,0.9793866,3
0.0023604566,0.00011349099,0.0012987037,0.0025502145,0.9936771,3
0.20011091,0.19777153,0.020000346,0.019961238,0.56215596,3
0.0017156178,0.0022261746,0.001577892,0.0018001654,0.9926802,3
0.8633603,0.12568969,0.0027791217,0.0037858791,0.0043850546,3
0.013298717,0.5003692,0.060398106,0.03458696,0.39134702,3
0.05222856,0.024143022,0.006433161,0.0037943218,0.913401,3
0.0016133558,0.026040722,0.004348592,0.0020963699,0.9659009,3
0.00021069149,6.773026e-05,0.00071925385,0.001352403,0.99764997,3
0.18721598,0.08554145,0.026552267,0.015633926,0.6850564,3
0.01009439,0.03393387,0.0028494238,0.0026400883,0.9504822,3
0.00038046436,0.00019032782,0.0013543227,0.0042894245,0.9937855,3
0.0009960362,0.0023604175,0.002815958,0.0023492852,0.99147826,3
0.14970632,0.5507641,0.0126732765,0.012418976,0.2744373,3
0.0027255355,0.026872758,0.0043581855,0.0023717175,0.9636718,3
0.019428352,0.34462222,0.022111988,0.011398242,0.60243917,3
0.026317125,0.025476556,0.0076122554,0.005203228,0.9353908,3
0.00052405655,0.00066574075,0.0010932791,0.0017630082,0.9959539,3
0.75121444,0.061887383,0.011785385,0.008416396,0.16669638,3
0.007814313,0.00076850096,0.0036600772,0.0052065994,0.98255056,3
0.049172018,0.5099147,0.021014433,0.018254869,0.40164396,3
0.5245877,0.41804367,0.0078836875,0.023984792,0.025500147,3
0.038974818,0.55322945,0.019492209,0.013749356,0.37455425,3
0.0059211547,0.0110365255,0.0026763033,0.001225245,0.9791407,3
0.0092591895,0.33931705,0.00990692,0.0074890973,0.6340277,3
0.36725423,0.017320123,0.008795563,0.00657702,0.6000531,3
0.03603526,0.4535709,0.02055995,0.016514713,0.4733192,3
0.0007359761,9.9575795e-05,0.00085797225,0.0014120333,0.9968945,3
0.0061825896,0.0008839165,0.0017549659,0.0016349151,0.9895437,3
0.028275417,0.78684455,0.08390495,0.028124908,0.072850175,3
0.8372349,0.034633413,0.03078916,0.08310828,0.014234281,3
0.046415456,0.9242659,0.00839199,0.014975872,0.0059507242,3
0.009367511,0.029439177,0.0039685876,0.0032677762,0.95395696,3
0.0017819928,0.011369661,0.0060803983,0.008711463,0.97205645,3
0.39679828,0.4955324,0.02620257,0.01528955,0.066177234,3
0.00018948111,0.0002422941,0.0006806835,0.0007291402,0.9981584,3
0.18565284,0.73994154,0.011986572,0.0075881835,0.05483087,3
0.023090322,0.93616915,0.020709345,0.012774126,0.0072571505,3
0.0065077352,0.00080209615,0.0058280025,0.0059209825,0.98094124,3
0.031424824,0.21872173,0.011478104,0.010119069,0.7282563,3
0.6751859,0.037181843,0.038266134,0.025770111,0.22359592,3
0.0073948186,0.14706346,0.004847939,0.005212629,0.8354811,3
0.0022773368,0.0038413533,0.0023197066,0.0029855696,0.988576,3
0.00056676974,0.00079337007,0.0018732687,0.0040101805,0.9927564,3
0.04686359,0.9502828,0.0010247185,0.0018284315,4.907883e-07,3
0.039142236,0.03714995,0.030571293,0.06293294,0.8302036,3
0.00020830959,1.6078582e-06,0.00013897747,8.575358e-05,0.9995653,3
0.16303864,0.4854654,0.03599257,0.099846475,0.21565695,3
0.0058739656,0.011126601,0.00421432,0.0043991553,0.974386,3
0.36905167,0.12489657,0.039413117,0.019469459,0.44716915,3
0.00026410917,0.00035757682,0.0011161921,0.001290929,0.99697113,3
0.002101722,0.00031395946,0.0011409632,0.00095991907,0.9954834,3
0.13370918,0.16982718,0.045911606,0.015103825,0.6354482,3
0.0004414049,0.0014232089,0.0013875673,0.0016368307,0.9951109,3
0.006183022,0.041156985,0.0024562273,0.0025368126,0.947667,3
0.00011304482,0.0002532056,0.00087528554,0.0007264106,0.99803203,3
0.006918362,0.086182326,0.003043526,0.0018720424,0.9019838,3
0.0024794585,0.00038876926,0.0008607634,0.0012233262,0.9950477,3
0.04616754,0.00040319536,0.0051595666,0.0022628484,0.94600683,3
0.7265821,0.00039458662,0.023731994,0.008901086,0.24039012,3
0.14580081,0.006223742,0.016291663,0.00577581,0.825908,3
0.008347527,0.9428304,0.038433857,0.009481449,0.0009067642,3
0.11683921,0.013902596,0.008891677,0.016035788,0.8443307,3
0.06468063,0.34645978,0.028654251,0.01672724,0.5434781,3
0.25092396,0.50748,0.080449544,0.08965757,0.071488865,3
0.5785,0.36157727,0.016239688,0.015458143,0.028224861,3
0.010290868,0.0056187757,0.004811125,0.0011044933,0.9781747,3
0.002024712,0.98691607,0.004574811,0.0018335726,0.0046507907,3
0.0023613593,0.027910084,0.00279888,0.0013242885,0.9656054,3
0.03799081,0.8660122,0.023998527,0.029116947,0.042881485,3
0.00027352586,0.0011941418,0.0013116213,0.0010646681,0.99615604,3
0.0013585641,7.7166005e-05,0.003094225,0.039661773,0.9558082,3
0.0011007036,0.005409152,0.0030475075,0.0067569567,0.9836857,3
0.0019814388,0.000816802,0.0015832067,0.0021135306,0.993505,3
0.06117869,0.90262675,0.015727669,0.0088029625,0.011663937,3
0.025703236,0.35567904,0.021672273,0.021275649,0.57566977,3
0.010002796,0.008954161,0.0034451378,0.0016012054,0.97599673,3
0.0024310285,0.0014930364,0.0023431596,0.0032295906,0.9905032,3
0.034908384,0.89011985,0.026724013,0.015017334,0.033230387,3
0.08093848,0.69007486,0.04198104,0.011938261,0.17506735,3
0.00487502,0.0010138379,0.012679738,0.14279933,0.83863205,3
0.12027691,0.021679383,0.011176804,0.008350269,0.83851665,3
0.034652255,0.004757112,0.0031850822,0.0052400543,0.9521654,3
0.013008805,0.82124966,0.0065005487,0.0031858478,0.1560551,3
0.011500312,0.92136407,0.016051397,0.012544437,0.038539853,3
0.007043973,0.016372755,0.008874101,0.010012059,0.95769715,3
0.00025583623,0.0010402289,0.00165533,0.0025673187,0.9944813,4
0.000312758,1.5785476e-05,4.802176e-05,5.9237125e-05,0.99956423,4
0.13083385,0.04350723,0.01945016,0.029367262,0.7768415,4
0.0048808134,0.10521723,0.004113986,0.001700999,0.88408697,4
0.0002044988,2.3685077e-05,8.137108e-05,0.00012626013,0.99956423,4
0.00014013788,0.00064482825,0.00032772857,0.00026331193,0.99862397,4
0.44603127,0.022585778,0.47046256,0.060572088,0.00034831962,4
0.03478019,0.0033557464,0.002701852,0.0037147633,0.95544744,4
0.006843738,0.030620774,0.0075570247,0.003488311,0.9514901,4
0.17782429,0.18600655,0.05598112,0.574695,0.005493131,4
0.27216354,0.07617003,0.017201846,0.019956335,0.6145083,4
0.03724117,0.6302745,0.069857664,0.021665746,0.24096097,4
0.011750882,0.0029524658,0.017525714,0.057470966,0.91029996,4
0.3908277,0.17978708,0.1412649,0.121268414,0.166852,4
0.09561878,0.08582962,0.027729293,0.020410862,0.77041143,4
0.8827451,0.039805993,0.0045732968,0.0124536045,0.060422037,4
0.0020032406,0.053513344,0.0014427274,0.00057055557,0.94247013,4
0.08507182,0.896552,0.0057737078,0.012390943,0.00021152593,4
0.023478016,0.004428882,0.0022231909,0.0032881396,0.9665818,4
0.7691326,0.16702338,0.016841445,0.03216825,0.014834215,4
0.001862225,0.5075041,0.0039101443,0.0010700469,0.48565358,4
0.0024073303,0.3946711,0.029076245,0.021978822,0.5518665,4
0.0064527676,0.002344497,0.0021470492,0.0030755221,0.9859802,4
0.032127917,0.026707547,0.004509404,0.0018222437,0.9348329,4
0.77897745,0.14271666,0.019283554,0.024159653,0.03486262,4
4.3114578e-05,5.10848e-06,8.303122e-05,5.980942e-05,0.99980897,4
0.0023009486,0.029667694,0.0043176874,0.0026038154,0.9611098,4
0.3516602,0.061960407,0.016089981,0.0146668,0.55562264,4
0.00047576896,0.00012808855,0.00048962596,0.00024569593,0.9986608,4
0.005305661,0.00012661505,0.0002792802,0.0005901135,0.99369836,4
0.028970614,0.0020011985,0.001254085,0.00053016393,0.96724397,4
0.0077993986,0.0003733436,0.0009792887,0.0012150301,0.98963296,4
0.01720475,0.006937403,0.028987547,0.09751218,0.8493581,4
0.00019851587,4.201285e-05,0.000107346095,0.00032093105,0.99933124,4
0.00066470884,0.9953576,0.0016934524,0.0022356908,4.849532e-05,4
0.85298055,0.09494134,0.0051597822,0.011420913,0.035497423,4
0.0070381667,0.14815556,0.007336939,0.0033989134,0.8340704,4
0.031468954,0.047363363,0.09196725,0.08240279,0.7467977,4
0.17054123,0.24613364,0.014817457,0.013133757,0.5553739,4
0.96517354,0.02423852,0.0020955307,0.008227907,0.00026448263,4
0.02684404,0.44518787,0.025346294,0.019508634,0.48311323,4
0.0016535757,0.0014748957,0.00075496186,0.00012020712,0.99599636,4
0.8514543,0.10196562,0.009141904,0.020755775,0.016682306,4
0.035039917,0.86747175,0.017867696,0.007952135,0.0716685,4
0.0016115601,0.00045596945,0.00042857023,0.0006527077,0.99685115,4
0.027950877,0.0005157128,0.0006604515,0.00077232457,0.9701007,4
0.007826586,0.19324335,0.0132837305,0.010255742,0.77539057,4
0.10643333,0.5800428,0.012265806,0.009394413,0.29186362,4
0.037501957,0.0044412706,0.0121064875,0.0049383915,0.94101185,4
0.004679218,0.0037127943,0.0040010856,0.0010515852,0.98655534,4
0.0002362926,0.0023564238,0.00047214938,0.0005902008,0.996345,4
0.030190608,0.872598,0.028481932,0.06813227,0.0005971558,4
0.047410704,0.00055909686,0.0011149448,0.0008811284,0.9500342,4
0.023364551,0.004238606,0.002057375,0.0022270724,0.9681124,4
0.0007122532,0.007202496,0.0015582417,0.0023786298,0.9881484,4
0.0146997515,0.06507861,0.0038843446,0.0031204785,0.9132168,4
0.0008592432,0.91800797,0.023027616,0.0029119654,0.05519316,4
0.039114077,0.0032509149,0.002768223,0.0012809518,0.95358586,4
0.002536621,0.0060062115,0.001928457,0.0017985106,0.9877302,4
0.22634563,0.6951686,0.03844775,0.030531958,0.009506101,4
0.0060265823,0.16876327,0.04024852,0.0036583308,0.7813033,4
0.068204716,0.68297946,0.0051332414,0.00791194,0.23577061,4
0.011744235,0.0011008582,0.00050883973,0.0007145565,0.9859315,4
0.007922849,0.00060936296,0.0007166252,0.0012143329,0.98953676,4
0.0067745745,0.024478115,0.0035379415,0.0014110171,0.96379834,4
0.079099804,0.16675557,0.018918963,0.01302244,0.72220325,4
0.28469402,0.24189983,0.011923313,0.01466382,0.44681907,4
0.014262262,0.1838477,0.03297598,0.005070584,0.7638434,4
0.006300652,0.47353446,0.019477397,0.007136596,0.4935509,4
0.00057340774,0.011587845,0.0036758287,0.0010537925,0.9831092,4
0.00078925345,0.00031315314,0.00042878013,0.00126783,0.99720097,4
3.664611e-05,0.00045140873,0.0001664262,0.00012378766,0.9992217,4
0.0008783084,0.008351281,0.0015480785,0.00087030977,0.988352,4
0.00042582804,0.005885097,0.0012510691,0.0013935796,0.9910444,4
0.04421191,0.0045730197,0.0028751292,0.0034701058,0.9448698,4
0.0007214256,0.96466833,0.0030933688,0.0009451248,0.030571872,4
0.0010083477,0.03737946,0.0010150969,0.00041079894,0.9601863,4
0.929322,0.04393256,0.0044822674,0.004004583,0.018258527,4
0.30431294,0.6312451,0.02666512,0.037311416,0.00046546952,4
0.40795124,0.15872167,0.06234381,0.028497232,0.342486,4
0.014876663,0.024867522,0.02783234,0.1286773,0.80374616,4
0.0011854658,2.7612748e-05,4.971257e-05,8.2476705e-05,0.9986547,4
0.043946523,0.005953467,0.0047219316,0.003888588,0.94148946,4
0.01980973,0.00046853677,0.0010449869,0.0016423912,0.9770344,4
0.09242261,0.031424604,0.002832544,0.003052333,0.8702679,4
0.007312421,0.0014477848,0.00101214,0.0028892516,0.9873384,4
0.0007576194,0.00045631183,0.0004107913,0.0006299752,0.9977452,4
0.049335647,0.46210033,0.07166956,0.38778418,0.029110368,4
0.000511563,0.0013453136,0.0003119614,0.00048185186,0.99734926,4
0.0015175869,0.0017062736,0.0019364804,0.0009831976,0.9938565,4
0.0043736217,0.014149995,0.0013777292,0.001794466,0.97830415,4
0.4782514,0.020039141,0.02097555,0.012491431,0.4682425,4
0.0040830257,0.0014790504,0.001276453,0.001057558,0.99210393,4
0.0022377397,0.7632745,0.011463135,0.002020286,0.22100434,4
0.00437578,0.22514276,0.0065973075,0.0026099216,0.7612742,4
0.15639429,0.03783403,0.011338833,0.010904594,0.78352827,4
0.0036441,0.0008364286,0.00041894842,0.00060361315,0.9944969,4
0.40654567,0.12156109,0.017010193,0.031066298,0.42381674,4
0.0063157175,0.04617819,0.0021318148,0.0024467534,0.94292754,4
0.9083515,0.016659256,0.017231913,0.02978352,0.02797381,4
0.8953743,0.068541184,0.0059935157,0.01088954,0.019201394,4
0.9708764,0.01843512,0.0031404838,0.0074979486,5.0045393e-05,4
0.0022283997,0.9160632,0.004971243,0.0017783345,0.07495875,4
0.0059408094,0.2023537,0.0059773964,0.0025894176,0.7831387,4
0.08588827,0.8967717,0.005010958,0.011826012,0.00050313567,4
0.0001135719,0.0004846159,0.00047583354,0.0007962365,0.9981298,4
0.0039901137,0.031982325,0.0023621977,0.0010108079,0.9606545,4
0.029371789,0.0024465818,0.0039441814,0.0032742803,0.9609632,4
0.31408387,0.030695023,0.012779175,0.008018233,0.6344237,4
0.034387965,0.0012277232,0.0045711193,0.0041266526,0.9556865,4
0.0011651394,9.8462835e-05,0.00019691394,0.00026163622,0.9982779,4
0.18746474,0.3039205,0.24646778,0.05144206,0.21070492,4
0.18809748,0.075831056,0.0038881074,0.005569961,0.7266134,4
0.036854286,0.100753196,0.1571465,0.09808847,0.6071576,4
0.0027601544,0.27860227,0.0068377247,0.0024400908,0.7093597,4
0.0041116965,0.9734892,0.01265031,0.0029758085,0.0067729736,4
0.037263345,0.6486858,0.23087941,0.025687687,0.057483807,4
0.0026932796,6.0772905e-05,0.00018277248,0.0003432404,0.9967199,4
0.015082575,0.0043580616,0.0009690776,0.00082664174,0.9787636,4
0.023393366,0.002796901,0.002285742,0.0041961595,0.96732783,4
0.92836094,0.01469063,0.0133451875,0.015717397,0.027885903,4
0.9210392,0.02075876,0.00552677,0.0039609773,0.048714153,4
0.8595683,0.12417359,0.0037302687,0.011588682,0.0009390732,4
0.05948724,0.64413106,0.03778221,0.017537488,0.24106194,4
0.54737276,0.016236603,0.0030115896,0.0050658113,0.42831323,4
0.007281006,0.2749459,0.0053959223,0.0019700455,0.71040714,4
0.35354993,0.015480276,0.010030119,0.007946165,0.61299354,4
0.0015553329,0.07372976,0.002686822,0.0010363519,0.9209917,4
0.00043667355,0.981396,0.013434877,0.0009111592,0.0038213301,4
0.9734162,0.014348218,0.0020474521,0.0032387846,0.0069493214,4
0.01317188,0.00024655092,0.0019048862,0.0030346692,0.981642,4
0.028501283,0.96583563,0.0017048458,0.002575295,0.0013830304,4
0.0010765039,0.027178915,0.002946354,0.0022425358,0.96655566,4
0.00035266977,0.0062800976,0.0009748002,0.0010205802,0.99137187,4
0.37500703,0.022683157,0.0088613415,0.013583219,0.5798652,4
0.0004107442,0.0014462492,0.0012382811,0.0011274657,0.99577725,4
0.003038615,0.10143052,0.0032527377,0.001392026,0.89088607,4
0.0063193156,0.9164305,0.0125613725,0.004311997,0.060376912,4
0.017869383,0.007233747,0.027088499,0.029078532,0.91872984,5
0.00097015663,0.0033569084,0.0050646537,0.009509803,0.9810985,5
0.004110035,0.04154805,0.011753378,0.0057173497,0.93687123,5
0.19709076,0.1139534,0.1850128,0.10330651,0.40063646,5
0.022429818,0.043218367,0.01981943,0.012842897,0.9016894,5
0.39899054,0.5314209,0.017295813,0.052274305,1.8342691e-05,5
0.021471713,0.0031663256,0.010987856,0.015109817,0.94926435,5
0.03387905,0.00010919247,0.00056790817,0.0009290008,0.9645149,5
0.22679797,0.72854435,0.013086425,0.031281874,0.00028937607,5
0.11584683,0.087622344,0.15382305,0.18581668,0.45689118,5
0.08341424,0.64582086,0.1624381,0.056871433,0.05145526,5
0.006823199,0.72077036,0.007458973,0.0039632386,0.2609843,5
0.014267061,0.00033673475,0.0014868447,0.0012019421,0.98270744,5
0.28728738,0.113175675,0.049391046,0.08389374,0.46625215,5
0.0007822355,0.00032279897,0.001802206,0.001996,0.99509674,5
0.011772141,0.47991505,0.018607125,0.012326701,0.47737893,5
0.025196573,0.04922891,0.019615496,0.017040392,0.88891864,5
0.024863329,0.011181674,0.018886115,0.013534969,0.9315339,5
0.0034907474,0.029979821,0.0006944027,0.000821424,0.9650137,5
0.07784444,0.90362513,0.005348081,0.011379367,0.0018028689,5
0.16004342,0.08504531,0.039458796,0.021729263,0.6937232,5
0.3086442,0.0006464125,0.002431886,0.0010808542,0.6871966,5
0.006707966,0.022761784,0.0071481215,0.007339195,0.9560429,5
0.0021859196,0.00046400496,0.0021832197,0.0023601393,0.9928067,5
0.01383503,0.08438544,0.02078153,0.011803027,0.869195,5
0.083040796,0.020292973,0.022006245,0.027748086,0.8469119,5
0.17232151,0.026766567,0.0136534255,0.008637547,0.7786209,5
0.0055342903,0.009783517,0.011160225,0.012933777,0.96058816,5
0.00023404889,0.00013058724,0.0003883412,0.00025732885,0.99898964,5
0.30765244,0.42101967,0.11114413,0.055077832,0.10510594,5
5.0598283e-05,8.0413505e-05,0.0003302829,0.00038789783,0.99915075,5
0.16756372,0.4490025,0.15988731,0.09058289,0.13296348,5
0.005660341,0.0040711877,0.0031203583,0.0029967155,0.98415136,5
0.015541169,0.5294507,0.024648305,0.03100931,0.39935046,5
0.9249669,0.047095135,0.008494807,0.018892437,0.000550824,5
0.0024126866,0.0017348777,0.0021719928,0.008186046,0.9854944,5
0.1821346,0.36167526,0.052089818,0.035449788,0.36865053,5
0.016073165,0.61418825,0.010997374,0.007028211,0.35171297,5
0.0009722473,0.0012180093,0.0014238287,0.0011824036,0.9952035,5
0.0023317742,0.04738271,0.004037809,0.003937878,0.94230986,5
0.30641025,0.0005023721,0.002154928,0.00091266976,0.6900197,5
0.022581473,0.0038481243,0.005461334,0.0030201494,0.9650889,5
0.018959109,0.07236651,0.016771924,0.010224873,0.8816775,5
0.57777697,0.29662615,0.031816404,0.04041101,0.05336944,5
0.036267895,0.011591338,0.031988505,0.020312006,0.8998403,5
0.9156954,0.012940842,0.019528283,0.034269903,0.01756553,5
0.22990651,0.2848689,0.022152904,0.03286082,0.4302108,5
0.0102560185,0.691061,0.020153154,0.017905256,0.2606246,5
0.00062458194,0.0011423832,0.00111119,0.0020502596,0.99507165,5
0.0014943223,0.9930956,0.0008284802,0.00054700737,0.0040345686,5
0.036542475,0.1222301,0.047897566,0.04788316,0.7454466,5
0.008570405,0.00949213,0.0039683133,0.0055574053,0.97241175,5
0.8903419,0.062587425,0.012198352,0.03214618,0.0027262352,5
0.0006898119,0.0033680443,0.0019279019,0.0021262197,0.991888,5
0.020340525,0.0125016095,0.024089176,0.013562599,0.92950606,5
0.058545034,0.67245036,0.02200352,0.018318404,0.22868268,5
0.022207549,0.9394439,0.006645746,0.025166249,0.0065365327,5
0.07914222,0.8529743,0.018678455,0.04846668,0.00073843444,5
0.60301125,0.11898265,0.047559835,0.08308779,0.14735845,5
0.00010272986,0.0032089509,0.0011312335,0.002704911,0.99285215,5
0.0016895743,0.011062254,0.0032284893,0.0022214383,0.98179823,5
0.007970857,0.04045618,0.013236972,0.010101702,0.9282343,5
0.82813805,0.14205801,0.0077876127,0.021789601,0.00022680411,5
0.009385416,0.07979409,0.007604014,0.014284039,0.8889324,5
0.9618158,0.00860583,0.0044102,0.012236729,0.012931547,5
0.00039192248,0.00032068783,0.0014944358,0.0010324393,0.99676055,5
0.12764966,0.0107699735,0.011148113,0.014825508,0.83560675,5
0.006148217,0.4214092,0.0069526546,0.004970893,0.560519,5
0.0048486376,0.009057511,0.010153034,0.0106582185,0.9652826,5
0.029186808,0.9310818,0.0026992972,0.008547253,0.028484918,5
0.41287258,0.5235281,0.021018056,0.0373095,0.005271704,5
0.0062822476,0.0034351666,0.010306552,0.013475,0.966501,5
0.0075875404,0.06499521,0.011658819,0.012983371,0.9027751,5
0.033206347,0.10135946,0.03855771,0.044450462,0.78242606,5
0.12072725,0.35581172,0.029733326,0.028936645,0.4647911,5
0.039679267,0.29784855,0.06553074,0.040189937,0.5567515,5
0.007407477,8.756074e-05,0.0019431137,0.002214199,0.9883477,5
0.012834348,0.7172608,0.0069625853,0.009437242,0.253505,5
0.0038833052,0.81456554,0.007957902,0.0042926488,0.16930054,5
0.009823539,0.2058958,0.01051843,0.0067828875,0.76697934,5
0.032085553,0.7834538,0.012280871,0.010366948,0.16181274,5
0.9590176,0.031911645,0.0035587843,0.005445283,6.671343e-05,5
0.0019365326,0.006458073,0.012279224,0.01408112,0.96524507,5
0.30829227,0.584364,0.028043091,0.06329799,0.016002733,5
0.27937362,0.67238885,0.008138198,0.008063989,0.032035276,5
0.94216317,0.0055568493,0.005821254,0.006282696,0.040176027,5
0.0065235575,0.98348373,0.0016083465,0.0027513425,0.005632874,5
0.2637848,0.5207886,0.0486727,0.065782994,0.100970924,5
0.028646156,0.15570079,0.033357397,0.023168396,0.75912726,5
0.00029459313,0.00013393362,0.0015229442,0.0021164261,0.99593216,5
0.0015968804,0.0008442503,0.0020288546,0.0020535337,0.99347645,5
0.00649519,0.3649215,0.015457461,0.007864526,0.60526127,5
0.0026418874,0.004316785,0.0068884213,0.007154192,0.97899866,5
0.016524872,0.004812042,0.00814988,0.009415965,0.9610973,5
0.83114266,0.071789086,0.022610947,0.037185896,0.037271455,5
0.06354288,0.2761123,0.04001783,0.029469933,0.590857,5
0.023629207,0.88426685,0.023932058,0.0072894534,0.06088248,5
0.001295403,0.0041937875,0.0032380633,0.004185321,0.9870875,5
0.23727493,0.024166962,0.021875778,0.013917673,0.7027647,5
0.2446049,0.08653595,0.049641587,0.031280547,0.58793694,5
0.91736615,0.04034761,0.022373686,0.017636802,0.002275711,5
0.7478923,0.13715574,0.016619753,0.059808634,0.038523592,5
0.0012125686,0.0005068258,0.0017128078,0.001413975,0.9951538,5
0.008900474,0.031168224,0.00834425,0.0041333493,0.9474537,5
0.050513137,0.0044433693,0.005434987,0.0054156384,0.93419284,5
0.09663903,0.15213072,0.034370806,0.013459108,0.7034004,5
0.0062961997,0.03999841,0.010945742,0.0055513876,0.93720824,5
0.44110727,0.49352875,0.023831982,0.04107599,0.00045601503,5
0.34104833,0.30897436,0.029704913,0.07623306,0.24403933,5
0.0014747051,0.0032205204,0.0028958493,0.0024949894,0.98991394,5
0.0009993995,0.00027442537,0.0032906604,0.0032372316,0.9921983,5
0.025839297,0.8570398,0.08651467,0.029057797,0.0015484177,5
0.09368995,0.11053566,0.020745287,0.017422555,0.7576065,5
0.06676871,0.71343887,0.030986322,0.0177754,0.17103069,5
0.0116010625,0.03144589,0.0072248597,0.0044545317,0.94527364,5
0.00088589964,0.007669481,0.0035111117,0.0024799036,0.9854536,5
0.08679231,0.7624424,0.03563317,0.04031346,0.07481865,5
0.7536586,0.22714253,0.0059540486,0.01321317,3.174569e-05,5
0.02010167,0.016910473,0.018837074,0.022642227,0.9215085,5
0.18945894,0.100971065,0.0289425,0.026052319,0.6545751,5
0.0026398744,0.0070919585,0.0043875454,0.0070395144,0.9788411,5
0.004245523,0.0037890757,0.0057466086,0.012124493,0.97409433,5
0.017120901,0.02420846,0.007863583,0.01092934,0.93987775,5
0.008102829,0.07592892,0.015481001,0.011131449,0.8893558,5
0.030989736,0.41123766,0.025307633,0.012798088,0.51966685,5
0.0013270362,0.9868024,0.001304218,0.0006521043,0.009914192,5
0.00015030186,0.00010914085,0.0007970848,0.001432201,0.99751127,5
0.014843775,0.003597535,0.009691757,0.013037432,0.9588296,5
0.0036096962,0.014311783,0.005057947,0.0061272145,0.9708934,5
0.38535932,0.20237055,0.09311395,0.11070488,0.20845138,5
9.9470235e-05,2.7151307e-05,0.00022996399,0.0006372279,0.9990062,5
0.0024914856,9.350059e-05,0.0006336176,0.0010311297,0.9957502,5
0.17347218,0.021281205,0.043242123,0.035452243,0.72655225,5
0.91701365,0.040121157,0.022961307,0.017891964,0.002012023,5
0.00049122906,0.00016868279,0.0015161905,0.0024111904,0.99541277,5
0.01128795,0.5037259,0.014872031,0.011696004,0.45841807,5
0.0662228,0.02145254,0.068572,0.102013074,0.74173963,5
0.14538863,0.10739413,0.05936437,0.051209316,0.6366435,5
0.00038347836,0.0001228431,0.00043461376,0.00028592398,0.99877316,6
7.4349846e-05,6.387824e-05,0.0007447148,0.0007177904,0.9983993,6
0.060574006,0.24646634,0.005729171,0.011942143,0.6752883,6
0.0084453635,0.007725646,0.0017350117,0.0020053778,0.98008865,6
0.0079350015,0.64100224,0.03160297,0.0045806295,0.31487918,6
0.0008702977,0.000392634,0.0006889827,0.000915889,0.9971322,6
0.89594877,0.01572286,0.0038574445,0.0051506218,0.07932033,6
8.0451406e-05,2.2371163e-05,0.00028508628,0.00029458533,0.9993175,6
0.00028405504,0.0012987161,0.00040861042,0.0006284009,0.9973802,6
0.039649498,0.29744187,0.13595611,0.021585252,0.5053672,6
0.86571455,0.06169163,0.00755265,0.040549636,0.024491517,6
0.0009983717,5.9300026e-05,0.00079797936,0.0004907257,0.99765366,6
0.0035073562,0.9672409,0.0055224947,0.0012750902,0.022454217,6
0.0028349524,0.30107334,0.0065731634,0.0051325792,0.684386,6
0.007353099,0.18458839,0.01405847,0.00522879,0.7887712,6
0.002973264,0.9228865,0.012955443,0.0013977301,0.05978699,6
0.11274463,0.10408966,0.021835666,0.010092709,0.7512374,6
0.012288039,0.12011705,0.02442802,0.009022222,0.8341447,6
0.04977601,0.004915457,0.0029335697,0.0016179418,0.94075704,6
0.09014914,0.7434885,0.010447926,0.016289925,0.13962449,6
0.005234269,0.009248303,0.0021147379,0.00090160436,0.9825011,6
0.024514396,0.40988863,0.039317753,0.01678059,0.5094987,6
0.0021431625,0.00075109495,0.02625164,0.0036128052,0.9672413,6
0.13532452,0.036623467,0.009326608,0.0088374745,0.80988795,6
0.033909187,0.91625434,0.01078116,0.004833384,0.034221977,6
0.027710684,0.7055617,0.01765078,0.004769159,0.24430755,6
0.013358196,0.0012021877,0.0010592128,0.0005225961,0.9838578,6
0.02792582,0.9531781,0.0036646235,0.010463193,0.004768225,6
0.66638714,0.028368982,0.0055458746,0.011894497,0.28780347,6
0.060855355,0.8829857,0.0059451465,0.017866062,0.03234758,6
0.043570794,0.90551025,0.003272909,0.004542385,0.043103732,6
0.011485773,0.87747467,0.048993357,0.0047758995,0.0572703,6
0.012953062,0.6431814,0.016894761,0.0025944952,0.32437626,6
0.025427416,0.6259542,0.032609105,0.01101412,0.30499512,6
0.003816614,0.03546847,0.0075329575,0.0025673655,0.9506146,6
0.03554745,0.29990873,0.0071658185,0.016725339,0.6406526,6
0.041770145,0.34602576,0.004481743,0.0040952032,0.6036271,6
0.009347408,0.0027931926,0.0038858755,0.0056609293,0.9783126,6
0.013007954,0.0071819513,0.103723615,0.013283083,0.8628034,6
0.0019942315,0.60859066,0.0065158163,0.0012757647,0.38162345,6
0.39334336,0.05249069,0.008097998,0.006081639,0.53998625,6
0.003570994,0.00080888934,0.0006738607,0.00030551362,0.9946407,6
0.009446115,0.23594493,0.0019617402,0.0016186325,0.7510286,6
0.0101845525,0.019226678,0.0032185817,0.001959966,0.96541023,6
0.00028028418,0.0012483613,0.00040632408,0.0004253432,0.99763966,6
0.0033344359,0.0005535705,0.0004641618,0.0002046978,0.9954431,6
6.8288835e-05,3.2059472e-06,0.000285434,0.00028164274,0.99936146,6
0.0047874837,0.0017629409,0.0021719583,0.003108212,0.98816943,6
0.0028451036,0.0639811,0.034868497,0.0061920816,0.89211315,6
0.007482439,0.038295936,0.0010323067,0.00158362,0.95160574,6
0.0001463103,0.0002306414,0.0006318158,0.0005629176,0.99842834,6
0.00041445697,0.00019029288,0.0003553119,0.00024283558,0.99879706,6
0.9000299,0.06396708,0.002092196,0.004217305,0.029693523,6
0.009228321,0.12514286,0.0046726665,0.0018076536,0.85914856,6
0.024014482,0.65459204,0.011577133,0.006906031,0.30291033,6
0.15863909,0.1293056,0.027438799,0.013125955,0.67149055,6
0.036568824,0.065310426,0.029205734,0.012399081,0.8565159,6
2.326987e-05,1.0278929e-05,0.005216737,0.026306432,0.9684433,6
0.6127617,0.05793284,0.010149955,0.005159247,0.31399634,6
6.927128e-05,0.00040895728,0.0002285175,0.00043127406,0.998862,6
0.0010672981,0.0006215654,0.0007848074,0.001082606,0.9964437,6
0.0021018896,0.0011478121,0.0013104345,0.0010314538,0.9944084,6
0.0010956718,0.00032875134,0.0009861272,0.00095554296,0.99663395,6
0.55916494,0.39488575,0.008348744,0.019507356,0.018093238,6
0.0014758763,0.15382922,0.0022179277,0.0019599819,0.8405169,6
0.0033070745,0.00032739196,0.0019064579,0.0018884449,0.9925706,6
0.00068364025,0.0011158908,0.0009857399,0.0008947429,0.99632,6
0.36339945,0.07704033,0.00818137,0.012730185,0.53864866,6
0.011329593,0.7248734,0.046138965,0.005514083,0.21214385,6
0.40634692,0.47264114,0.034615476,0.026779061,0.05961741,6
0.18791327,0.08504352,0.033879638,0.014626665,0.6785369,6
0.005096656,0.012683706,0.002346779,0.006367828,0.973505,6
0.00044338638,0.002398064,0.00053879,0.00036596807,0.9962537,6
0.0036657345,0.03232666,0.003807933,0.0010490593,0.9591507,6
0.044715,0.09246047,0.12700103,0.023975234,0.71184826,6
0.016816873,0.0049794014,0.049843863,0.0143296765,0.9140302,6
0.19671555,0.01944075,0.011320062,0.008384127,0.7641396,6
0.020417145,0.024811171,0.0049521066,0.005226381,0.9445932,6
0.009441001,0.5823984,0.007177908,0.0034860505,0.39749664,6
0.012554464,0.0007352915,0.0006947241,0.000188921,0.9858267,6
0.000113778064,0.00021678247,0.00019510413,0.00011609065,0.99935824,6
0.59698474,0.04814312,0.0065273494,0.0047462736,0.34359854,6
0.28063712,0.5551006,0.018634424,0.13650869,0.009119176,6
0.01915326,0.0103940945,0.003305885,0.0022496711,0.9648971,6
0.00068974023,0.0002339415,0.00015520843,0.0002565327,0.9986646,6
0.032201093,0.100780696,0.003856355,0.0017775567,0.8613843,6
0.15659656,0.5959348,0.014904666,0.07237946,0.16018449,6
0.00057722814,0.00019273387,0.00015733376,0.00014887411,0.99892384,6
0.009612831,0.96410275,0.0041113044,0.0024863111,0.019686807,6
0.0022129244,0.014133941,0.00973359,0.009974674,0.9639449,6
0.9195364,0.02865876,0.0062845764,0.007853694,0.037666567,6
0.000785384,0.03510959,0.0010157534,0.0005141599,0.9625751,6
0.00017099295,0.00020407895,0.0007853065,0.0018316363,0.997008,6
0.008068656,0.76210004,0.038061988,0.005355412,0.18641388,6
0.82692915,0.06416037,0.009438362,0.011964804,0.08750746,6
0.0032917822,0.18639119,0.011417897,0.005895352,0.7930038,6
5.5015053e-06,2.7503616e-05,5.0199877e-05,8.1797145e-05,0.999835,6
0.014599926,0.7874218,0.04404463,0.0065757553,0.14735778,6
0.0005218347,0.0026951984,0.0035578148,0.0038747932,0.9893504,6
0.9570516,0.034137305,0.00378815,0.0037642482,0.0012587999,6
6.7959745e-06,7.0146416e-05,7.296021e-05,5.2977222e-05,0.99979717,6
0.771432,0.06317055,0.01704364,0.0145371035,0.13381661,6
0.007780429,0.039602995,0.0030735063,0.0017379011,0.9478051,6
0.33684725,0.23080608,0.09030039,0.03863028,0.303416,6
0.13535719,0.24939704,0.018807674,0.0069546998,0.5894834,6
0.024772057,0.04128307,0.004026795,0.002229071,0.9276891,6
0.24620207,0.3274864,0.010683416,0.02079907,0.39482906,6
0.00025535582,0.0015820883,0.00028056937,0.000103181046,0.99777883,6
0.6065215,0.029274264,0.008521643,0.0068319943,0.34885064,6
0.03878211,0.00231502,0.0069340314,0.0055574924,0.9464114,6
0.0024170936,0.0019910685,0.0011330142,0.00054004317,0.9939188,6
0.14873531,0.038374882,0.005556437,0.0025423858,0.80479103,6
0.050974052,0.14051242,0.006120925,0.003258816,0.7991338,6
0.007302081,0.031225968,0.0039433707,0.0015777256,0.9559508,6
0.00025851117,0.010583201,0.0002491698,0.0010845629,0.98782456,6
0.20717815,0.006340446,0.010402789,0.004660764,0.7714178,6
0.066845715,0.0045111715,0.0050306367,0.0025577277,0.9210547,6
0.008095078,0.0009860173,0.0018974397,0.00052455004,0.9884969,6
0.0034639444,0.0016332503,0.0010970709,0.00033780964,0.993468,6
0.00021887319,0.00022853691,0.0007288297,0.0009556843,0.99786806,6
0.09975233,0.0027234675,0.005243092,0.0035888609,0.88869226,6
0.0013201815,0.08288392,0.002271317,0.00081191387,0.9127127,6
0.10839865,0.83126587,0.012989681,0.04660309,0.0007427448,6
0.0013061279,0.00055687584,0.0036106862,0.0029123703,0.991614,6
0.34017274,0.008073643,0.0155472895,0.014280918,0.6219254,6
0.011768906,0.12307856,0.0025762664,0.001968234,0.86060804,6
0.04908703,0.077025905,0.035020582,0.009466687,0.82939976,6
0.05068349,0.6658339,0.04139632,0.0119751375,0.23011112,6
0.0009488787,0.02457131,0.00088919763,0.0004494462,0.97314113,6
0.00405222,0.01671647,0.0019191746,0.001978458,0.9753337,6
0.0023452153,0.14733826,0.0056881555,0.0011511645,0.84347725,6
0.0013466234,0.060558748,0.001999897,0.0014828717,0.93461186,6
0.0014982342,0.015572709,0.0018043111,0.0018949499,0.97922975,6
0.001438881,0.0004217145,0.0011754809,0.00038414483,0.9965798,6
0.06174108,0.021904942,0.003481498,0.0009830657,0.9118895,6
0.048993617,0.92049855,0.010496904,0.018868905,0.0011421883,6
0.0036632027,0.9342651,0.0061653173,0.0013422709,0.05456426,6
0.0020973054,0.0097800065,0.00063746405,0.0005376075,0.98694766,6
0.118482046,0.85770065,0.011779749,0.010679271,0.0013583263,7
0.00017505835,0.00015588808,0.005921668,0.014068461,0.979679,7
0.38513222,0.030660259,0.018983724,0.011078598,0.5541452,7
0.014096056,0.2628941,0.016669096,0.008448312,0.6978924,7
0.05263687,0.008464227,0.009694253,0.008275273,0.92092943,7
0.047163524,0.15979199,0.020839427,0.009138832,0.7630663,7
0.89122385,0.09106537,0.0045849457,0.012998858,0.00012697394,7
0.00084312353,0.0053380965,0.0025837792,0.0029840241,0.9882509,7
0.019551063,0.004648787,0.0076680924,0.007022623,0.9611094,7
0.0009097677,0.0002745202,0.002921316,0.0016716466,0.9942227,7
0.8344393,0.10816457,0.018501613,0.038122635,0.0007719454,7
0.00813778,0.18805537,0.013206264,0.009001132,0.7815995,7
0.002211471,0.00021140707,0.0017623499,0.0018208429,0.99399394,7
0.013437327,0.96658653,0.007207005,0.007544644,0.00522447,7
0.083082736,0.20797457,0.06738846,0.07413222,0.567422,7
0.6044883,0.042323474,0.019545775,0.024466965,0.30917534,7
0.00022159689,0.00065524504,0.0022786874,0.0023573677,0.9944871,7
0.019151298,0.7983887,0.037138596,0.012420383,0.13290103,7
0.0036733625,0.0004301332,0.0014948383,0.0022338056,0.9921679,7
0.20019089,0.046542756,0.03614316,0.035845377,0.6812778,7
0.76225317,0.12227219,0.024375219,0.050562188,0.040537238,7
0.0010306061,0.9793793,0.014772857,0.0040113744,0.0008059193,7
0.24179968,0.36674178,0.27817726,0.11189074,0.0013904987,7
0.0016156582,0.9758815,0.009895611,0.0041674017,0.008439866,7
0.0008305201,0.02183261,0.0014518328,0.0020443453,0.97384065,7
0.53968,0.1154287,0.04313645,0.038891084,0.26286373,7
0.9130854,0.017597722,0.0037725456,0.004033719,0.0615106,7
0.011275254,0.96381587,0.016564654,0.008173304,0.0001708837,7
0.0061046374,0.06630328,0.014385719,0.012569118,0.9006372,7
0.007294624,0.97619754,0.0058710766,0.00758356,0.0030531464,7
0.23486291,0.7459993,0.003803174,0.00629039,0.009044312,7
0.00017469296,0.0026481557,0.0012137718,0.0007635502,0.9951998,7
0.17800829,0.67822903,0.045006767,0.051481057,0.047274854,7
0.01067009,0.53374916,0.010929375,0.0062469533,0.43840444,7
0.0092397975,0.09481372,0.017577216,0.009877534,0.86849177,7
0.14200109,0.0069860066,0.018323295,0.038608644,0.794081,7
0.0042752316,0.9909734,0.001648306,0.0030967651,6.227319e-06,7
0.0056335134,0.00025952555,0.0013943678,0.0013966468,0.99131596,7
0.5150249,0.13947216,0.029258702,0.039884128,0.27636012,7
0.8266362,0.07995549,0.010558298,0.019788051,0.06306202,7
0.29905844,0.03882559,0.029211868,0.022595132,0.61030895,7
0.2757148,0.34680906,0.052102488,0.03644941,0.28892413,7
0.26124707,0.5840543,0.027479483,0.020638604,0.106580615,7
0.0014611986,0.00023018099,0.0018801441,0.0016093209,0.9948192,7
0.059823483,0.53671384,0.049849164,0.021506839,0.33210656,7
0.009063489,0.10254619,0.0052704336,0.0028898728,0.88023,7
0.056110516,0.4717953,0.015680114,0.01033068,0.44608346,7
0.02721683,0.29350224,0.01603413,0.007004148,0.65624267,7
0.008930526,0.0032787262,0.004752557,0.004166501,0.97887164,7
0.007095695,0.7322515,0.0034502202,0.004762825,0.2524398,7
0.011931208,0.21945783,0.0058922996,0.004141929,0.75857675,7
0.015781322,0.12724248,0.0068866117,0.007879896,0.8422097,7
0.09239536,0.8353552,0.0133824935,0.039446704,0.019420225,7
0.016806213,0.15804897,0.018389262,0.014191932,0.7925637,7
0.087485366,0.3742862,0.10000007,0.0630878,0.37514052,7
0.102787785,0.0049679046,0.004827551,0.004573014,0.88284373,7
0.00038907633,0.004627904,0.0011439347,0.0010602878,0.99277884,7
0.00021859581,0.011292469,0.0015539789,0.002063398,0.98487157,7
0.017864859,0.07055733,0.012898153,0.008992605,0.889687,7
0.05775898,0.0015589597,0.0022725493,0.0026856798,0.93572384,7
0.00055714074,0.0023119175,0.0029209799,0.0027277295,0.99148226,7
0.008574802,0.98890966,0.0006249108,0.0017938075,9.692257e-05,7
0.11932048,0.16632654,0.040798645,0.032372706,0.64118165,7
0.08014875,0.05369228,0.027556691,0.024198486,0.8144038,7
0.10415753,0.09554453,0.011910783,0.009275407,0.77911174,7
0.00018807652,3.9870763e-05,0.00082327815,0.0008473798,0.9981014,7
0.29929346,0.4443726,0.054479945,0.0427033,0.15915078,7
0.1401275,0.06481454,0.05626957,0.033836555,0.7049518,7
0.00198336,0.030204726,0.010134781,0.006439267,0.95123786,7
0.0018547459,0.083861545,0.0050254753,0.0023317921,0.90692645,7
0.042162277,0.7558161,0.023704031,0.008750637,0.16956697,7
0.019748453,0.86862725,0.025132729,0.018870149,0.06762141,7
0.80672985,0.011156529,0.0099239545,0.026071489,0.14611807,7
0.0023022431,0.68124217,0.00898445,0.0035460033,0.30392522,7
0.0041255425,0.046718784,0.010566028,0.007897772,0.9306919,7
0.187519,0.014048802,0.020844206,0.016522152,0.76106584,7
0.17462602,0.37160942,0.32853758,0.12164212,0.003584818,7
0.0134785855,0.005571188,0.009968273,0.010348843,0.96063316,7
0.0030164074,9.6209806e-05,0.0008061086,0.0010144507,0.99506676,7
0.008333885,0.009451308,0.00648596,0.0061488585,0.96957994,7
0.13498268,0.007647948,0.011118718,0.010727551,0.8355231,7
0.0054798634,0.0007005393,0.18354538,0.014362029,0.79591227,7
0.00023143494,0.0022775454,0.0017874051,0.0014527919,0.9942509,7
0.0014400453,0.014130378,0.007546342,0.005231522,0.9716517,7
0.9470857,0.008803184,0.0044490173,0.012839542,0.026822647,7
0.013696625,0.002027319,0.007570471,0.008447738,0.9682578,7
0.0004244877,0.0036363488,0.00090329617,0.0007232536,0.99431264,7
7.981725e-05,0.0011411333,0.0016669256,0.0011978276,0.9959143,7
0.007614941,0.0011239727,0.0029701092,0.003382216,0.98490876,7
0.19161804,0.6952289,0.010517232,0.011584711,0.09105108,7
0.020625107,0.09622071,0.012470786,0.009569889,0.86111355,7
0.5736875,0.37193802,0.014140608,0.038406014,0.0018279287,7
0.00069544534,0.012914377,0.0029848511,0.0022332203,0.9811721,7
5.954862e-05,2.014787e-05,0.00060242834,0.00058323407,0.99873465,7
0.023865148,0.5454251,0.009611725,0.007324401,0.4137736,7
0.0024144773,0.9821584,0.002266879,0.0011723689,0.011987965,7
0.0004631607,0.0018007515,0.0051245876,0.004689395,0.98792213,7
0.006654128,0.06191603,0.02015213,0.0120082535,0.8992695,7
0.17663135,0.020642184,0.009405282,0.005470105,0.7878511,7
0.0021363213,0.0002838092,0.003072113,0.0029734524,0.9915343,7
0.0032625045,0.0048947977,0.0048187496,0.004403892,0.98262006,7
0.00016378005,2.9784294e-05,0.00036001418,0.00036777448,0.99907863,7
0.046420842,0.07500324,0.013149068,0.0140945325,0.8513323,7
0.00066250906,0.013879907,0.006653006,0.005286097,0.97351843,7
0.16328856,0.023563849,0.014919978,0.009676654,0.7885509,7
0.001560647,0.0003871181,0.001056517,0.0015055574,0.99549013,7
0.031026492,0.9439641,0.0064811595,0.01681718,0.0017111028,7
0.0021248828,0.01061076,0.0063205394,0.005305314,0.9756385,7
0.015285091,0.0020128868,0.27269495,0.041813493,0.6681935,7
0.0027827988,0.16129519,0.0028199682,0.00227886,0.8308232,7
0.12580842,0.008762717,0.0031489122,0.0036449516,0.858635,7
0.0012691298,0.99355906,0.003718885,0.0012569847,0.00019594782,7
0.12027047,0.65125775,0.065849386,0.052849412,0.10977301,7
8.242537e-05,2.1173551e-05,0.0005970464,0.00053781085,0.99876153,7
0.026867503,0.007894486,0.32218423,0.30282453,0.34022918,7
0.02764535,0.023080343,0.0062487666,0.0075629624,0.93546253,7
0.0077114366,0.14980385,0.008347336,0.0073801083,0.82675725,7
0.016610486,0.14599352,0.3115484,0.13335723,0.39249042,7
0.9160127,0.048225254,0.012897101,0.020492714,0.0023722926,7
0.005303515,0.011854294,0.051105425,0.039362844,0.892374,7
0.007010419,0.013766031,0.053359978,0.04041461,0.885449,7
0.17569444,0.03588351,0.022993276,0.020994868,0.7444339,7
0.02265002,0.001206651,0.004086186,0.003219653,0.9688375,7
0.0027950595,0.2537153,0.006034329,0.0021535102,0.73530185,7
0.093200654,0.012732643,0.018737007,0.011184175,0.8641455,7
0.07937257,0.6756393,0.0425413,0.032198425,0.17024836,7
0.028458675,0.7932451,0.028874267,0.016785815,0.13263613,7
0.04136538,0.259522,0.26932582,0.08354222,0.34624457,7
0.07387114,0.044287436,0.14288601,0.09131014,0.64764535,7
0.02309024,0.0008282675,0.005598473,0.010660847,0.9598222,7
0.0041089505,0.98990774,0.0029815338,0.0017960153,0.0012057215,7
0.048602194,0.013692748,0.013183171,0.010090966,0.9144309,7
0.6988913,0.24807113,0.01131874,0.041713566,5.326519e-06,7
0.0021099926,0.015467909,0.0065679797,0.006091165,0.969763,7
0.077036515,0.0064893276,0.0073123393,0.0053766053,0.9037852,7
0.24841917,0.035530727,0.033656854,0.042888924,0.6395043,7
0.03847216,0.004904414,0.009903675,0.012928818,0.9337909,7
0.018478844,0.01104931,0.017204903,0.014273949,0.9389929,7
0.00020393723,0.00055710983,0.00032539762,0.00036537842,0.9985482,8
0.8397195,0.08741776,0.014865544,0.016889691,0.041107565,8
0.00024371415,0.00014756405,0.00095440703,0.0005858678,0.9980685,8
0.003417482,0.023373986,0.0029603944,0.001283995,0.9689641,8
0.011801207,0.005112587,0.007813449,0.007152011,0.9681208,8
0.010476451,0.38121682,0.005645281,0.0028567999,0.5998046,8
0.005341775,0.0110719465,0.0028693543,0.0025908516,0.9781261,8
0.05371809,0.81920856,0.05522609,0.07041898,0.0014282801,8
0.7397304,0.16018134,0.018987758,0.021137364,0.059963126,8
0.0034864435,0.09076251,0.0027483653,0.0020511749,0.9009515,8
0.0011408196,0.0016627489,0.0023442972,0.0014181612,0.99343395,8
0.031899594,0.012069591,0.0071185166,0.0035495975,0.9453627,8
0.0024452007,0.078983925,0.0027982213,0.0016940035,0.9140787,8
0.0013355769,0.0008301719,0.0034645963,0.0026984592,0.9916712,8
0.07869009,0.8779255,0.008195668,0.008104096,0.027084671,8
0.066023834,0.12598251,0.03343647,0.01269957,0.76185757,8
0.010183477,0.00037178912,0.003650523,0.0021001308,0.98369414,8
0.015114375,0.5060939,0.009719384,0.01000021,0.45907217,8
0.13727799,0.09967982,0.01431339,0.0065857135,0.7421431,8
0.51589096,0.32108378,0.03682633,0.054992415,0.071206525,8
0.017879652,0.6083637,0.052202612,0.019705439,0.30184856,8
0.0061222087,0.025842033,0.0058073434,0.0035221505,0.95870626,8
0.014221663,0.007337522,0.007948552,0.004569094,0.9659232,8
0.00013252872,0.002101386,0.0004939743,0.00039750745,0.9968746,8
0.13220604,0.8267295,0.01289275,0.026424011,0.0017477743,8
0.021916308,0.011484835,0.0082086595,0.004875853,0.95351434,8
0.07745328,0.13762261,0.021148887,0.010504948,0.7532703,8
0.008048577,0.5577743,0.026559629,0.010956361,0.3966611,8
0.0620582,0.7692358,0.01291023,0.018664397,0.1371314,8
0.11806664,0.022732284,0.02201407,0.015575331,0.82161164,8
0.7927032,0.14148337,0.016418738,0.009642924,0.039751712,8
0.004619223,0.874702,0.010429996,0.0059278836,0.104321,8
0.0030955519,0.08422921,0.0053792065,0.00305446,0.9042415,8
0.004800066,0.012217851,0.020543464,0.0063500633,0.95608854,8
0.0037167042,0.049826622,0.0026659842,0.0018502149,0.9419404,8
0.87270874,0.09659558,0.006860207,0.02381226,2.3301443e-05,8
0.0051295026,0.47160742,0.009696659,0.0040834076,0.509483,8
0.013347849,0.9312771,0.031841677,0.013599233,0.009934114,8
0.010002855,0.02302543,0.007084808,0.0039817817,0.9559052,8
0.0017312898,0.01655984,0.00259701,0.002083061,0.9770288,8
0.00490051,0.13377546,0.0039639734,0.002459567,0.85490054,8
0.017111171,0.4423569,0.030386895,0.01034683,0.49979815,8
0.003935106,0.002531518,0.0019411811,0.0013466213,0.9902456,8
0.008119459,0.96139866,0.0073638437,0.0045158896,0.01860203,8
0.043160174,0.030330086,0.10950788,0.036439624,0.7805622,8
0.007334047,0.20339027,0.0035901072,0.0023786074,0.78330696,8
0.024844961,0.8918491,0.03929573,0.01768122,0.026329001,8
0.029422654,0.114093,0.019200645,0.010317167,0.8269665,8
0.028190127,0.70680815,0.026858935,0.019280447,0.21886238,8
0.008440553,0.00045007563,0.0027491436,0.002052058,0.98630816,8
0.0020022606,0.0034113186,0.0028274474,0.001254464,0.99050444,8
0.00092874106,0.0036764909,0.0018082383,0.0011974378,0.992389,8
0.008875758,0.0752602,0.010075119,0.0069383373,0.8988506,8
0.018354032,0.82945275,0.115499325,0.03520039,0.0014935532,8
0.14169261,0.7950733,0.017275427,0.027167708,0.018791106,8
0.017441737,0.3435475,0.026539566,0.012087142,0.6003841,8
0.007811819,0.060243912,0.0030207941,0.0015662373,0.9273572,8
0.018488413,0.20754522,0.010495872,0.005212144,0.7582584,8
0.0027869106,0.003752148,0.0012065552,0.0005392879,0.99171513,8
0.0030869162,0.01995768,0.0029986175,0.0021275613,0.9718292,8
6.726211e-05,0.0010582432,0.00042400352,0.0002198057,0.99823076,8
0.0328512,0.06097419,0.010252284,0.009130997,0.88679135,8
0.023896761,0.9144797,0.007373015,0.006943625,0.047306936,8
0.0008229341,0.9916049,0.0043714996,0.0019410977,0.0012595442,8
0.09006171,0.0324193,0.053685274,0.034120712,0.789713,8
0.015827527,0.008084746,0.0072346036,0.0028864504,0.96596664,8
0.009622001,0.9680808,0.010634629,0.0050207325,0.0066416888,8
0.0010157211,0.00642198,0.0015349764,0.0011899685,0.98983735,8
0.013142763,0.00032022304,0.003213576,0.0009955119,0.98232794,8
0.020004414,0.13959976,0.009561332,0.0055987886,0.82523566,8
0.020903688,0.919544,0.013986407,0.0074567352,0.03810916,8
0.00923322,0.8961314,0.027505634,0.012565815,0.054563973,8
0.8270252,0.094922066,0.020750577,0.02252418,0.03477812,8
0.054990027,0.017384999,0.026384559,0.008952262,0.89228815,8
0.00033579583,0.0034084602,0.0016108612,0.0015385081,0.9931064,8
0.26436412,0.003171926,0.008134523,0.003793526,0.72053593,8
0.007756739,0.33945835,0.0073100054,0.003292545,0.64218235,8
0.00931292,0.06638737,0.0036332551,0.00224538,0.91842103,8
0.074974604,0.009746068,0.010825258,0.0051949513,0.8992591,8
0.012308076,0.61509025,0.016929813,0.009172363,0.3464994,8
0.0016411153,0.00158191,0.0019530217,0.001323869,0.99350005,8
0.009956881,0.014244447,0.021017354,0.011683977,0.9430974,8
0.017957672,0.00025162922,0.0018320264,0.0012663546,0.97869235,8
0.008025472,0.0010457175,0.003947123,0.0022435992,0.9847381,8
0.8200226,0.1389708,0.011159987,0.027561666,0.002284934,8
0.04202382,0.07815428,0.02755398,0.010252039,0.8420159,8
0.01356082,0.008320916,0.03540425,0.01195594,0.93075806,8
0.014328682,0.0027943293,0.006543616,0.007009564,0.9693238,8
0.0019645765,0.033148915,0.0024042048,0.0016931558,0.96078914,8
0.04459646,0.9433119,0.0050206054,0.0066212984,0.00044964303,8
0.05689162,0.7753008,0.006161949,0.009711503,0.15193409,8
0.0020357978,0.037950784,0.0029954554,0.0023393976,0.9546786,8
0.2950833,0.00606071,0.008429381,0.0048060096,0.6856206,8
0.0011322247,0.0006531589,0.0010895339,0.00072679244,0.9963982,8
0.6802467,0.033537388,0.023846716,0.026252996,0.23611626,8
0.08411722,0.60586053,0.019590378,0.019078206,0.2713536,8
0.04362645,0.003998584,0.016233843,0.012006156,0.92413497,8
0.77322346,0.19329868,0.010006245,0.023354052,0.0001174818,8
0.003585563,0.005264777,0.0013824144,0.0006844191,0.9890828,8
0.0026861655,0.0048426986,0.0049677463,0.0030275658,0.9844758,8
0.008913701,0.016430618,0.0073462795,0.0046988036,0.96261054,8
0.002237276,0.01215464,0.0037430304,0.0030887143,0.9787764,8
0.94353974,0.014373973,0.013548438,0.0057432237,0.022794565,8
0.8060152,0.022226354,0.12430322,0.045863044,0.0015921202,8
0.076280944,0.0064493488,0.008518598,0.0049369754,0.90381414,8
0.0047231796,0.95580304,0.010965454,0.005393282,0.02311508,8
0.022227913,0.26153156,0.09798063,0.03921118,0.5790488,8
0.0023190097,0.0033766418,0.0029552684,0.0013990373,0.98995006,8
0.0047406927,0.0012673547,0.0037767438,0.0026719603,0.9875432,8
0.006144977,0.0018627892,0.010208123,0.0052616866,0.97652245,8
0.0033559464,0.07484592,0.001154714,0.0010599894,0.9195834,8
0.10870718,0.86134446,0.010943191,0.018858166,0.00014700976,8
0.003231155,0.0018822157,0.0024721695,0.0017540507,0.99066037,8
0.00033913658,0.0048539666,0.0012681669,0.0014736381,0.99206513,8
0.0031338923,0.016939191,0.0047911685,0.0032043713,0.97193146,8
0.41831705,0.5712274,0.003993301,0.006317588,0.0001446764,8
0.7618626,0.17107391,0.016519733,0.05048345,6.0398434e-05,8
0.036020696,0.14463167,0.0142686255,0.00873294,0.7963461,8
0.9489836,0.032499436,0.003321947,0.015194752,2.530252e-07,8
0.30078885,0.008909375,0.031350374,0.018151022,0.64080036,8
0.06624492,0.913528,0.008101069,0.011417064,0.0007089026,8
0.0019377199,0.014690446,0.0060597514,0.0035949296,0.9737171,8
0.9614102,0.0093044005,0.008026359,0.020079473,0.0011794242,8
0.0024076793,0.021839142,0.0046304595,0.0029676652,0.9681551,8
0.0045688283,0.006073333,0.019609602,0.007708365,0.9620399,8
0.5469009,0.06311484,0.037814002,0.029929882,0.32224032,8
0.0012066872,0.01048624,0.001368535,0.0012520002,0.9856865,8
0.0015750123,0.9915752,0.003527793,0.0022820195,0.0010399579,8
0.28923845,0.66099316,0.015980871,0.03094514,0.0028423888,8
0.0019208265,0.0016719741,0.0025424547,0.001538007,0.9923267,8
0.011357623,0.076098286,0.011016435,0.005620997,0.8959067,8
0.013902603,0.00064225413,0.0023998416,0.0012265231,0.9818288,8
0.002015645,0.0013027225,0.0016883501,0.0010950702,0.99389815,8
0.00055646466,0.99385345,0.0027486403,0.001524436,0.0013170104,8
0.4357859,0.20510632,0.083001964,0.0672314,0.20887437,8
0.058275938,0.7439591,0.025059916,0.014836998,0.15786812,8
0.044317007,0.057426445,0.24829406,0.072373584,0.5775889,8
0.02072534,0.65133977,0.021458631,0.014562949,0.29191333,8
0.00094757456,0.0016158242,0.0014602564,0.0012191049,0.9947573,9
0.9225779,0.060713537,0.003867059,0.012497987,0.00034347232,9
0.0017709392,0.0016385283,0.001255872,0.001117392,0.9942173,9
0.013572294,0.9389033,0.0066087185,0.020702867,0.020212922,9
0.8746073,0.080361836,0.009763259,0.034974348,0.0002932901,9
0.0021650065,0.016803484,0.0017473634,0.0008163017,0.9784678,9
0.003567169,0.003032387,0.0013696876,0.0014749296,0.9905558,9
0.06414721,0.017633779,0.012864389,0.019264095,0.88609046,9
0.014740145,0.030362086,0.0049936627,0.0029568179,0.9469473,9
0.082564935,0.027942467,0.0100182025,0.008313877,0.87116057,9
0.36378127,0.010355386,0.39617512,0.107572235,0.12211594,9
0.031345703,0.1774324,0.02081308,0.01092819,0.75948066,9
0.76481634,0.060332436,0.025129778,0.024000188,0.12572125,9
0.0041428367,0.60844445,0.013481376,0.005650352,0.36828107,9
0.95259124,0.02127523,0.008083812,0.016243514,0.0018061865,9
0.02987181,0.4008377,0.12585576,0.050547086,0.3928876,9
0.17243777,0.77674186,0.017618198,0.032310877,0.0008912083,9
0.3627017,0.09961265,0.07070817,0.086390235,0.38058713,9
0.00072320213,0.0005849611,0.0018317275,0.0010748523,0.9957853,9
0.008420345,0.00021153508,0.002076871,0.0015833813,0.9877079,9
0.005136031,0.1184367,0.007676427,0.0042648357,0.864486,9
0.061399188,0.7805823,0.10960709,0.04777667,0.0006347293,9
0.002822803,0.00039199763,0.0037374243,0.003296803,0.98975104,9
0.0045849257,0.0029276463,0.0012328526,0.0015328969,0.9897217,9
0.1017954,0.115762964,0.011624801,0.019636646,0.7511802,9
0.013915188,0.0031950541,0.0026278289,0.0031811914,0.9770807,9
0.0058754147,0.00038042993,0.0021012053,0.0016231979,0.9900198,9
0.04397946,0.738545,0.056542218,0.06697921,0.09395422,9
0.107105725,0.032744326,0.045845993,0.018368838,0.79593515,9
0.42986888,0.007289605,0.03313976,0.021776492,0.50792533,9
0.032676052,0.091666006,0.018700665,0.012369653,0.8445876,9
0.0074019437,0.0010107189,0.0031954949,0.006917465,0.98147446,9
0.0016460026,0.000116529875,0.0020817316,0.00241633,0.99373937,9
0.036259793,0.93871135,0.0055324896,0.01949638,2.3409918e-08,9
0.13798533,0.012038081,0.010828535,0.007920188,0.8312279,9
0.0023922573,0.9157901,0.005379551,0.0029385248,0.0734995,9
0.0005508288,0.00041557234,0.0013722443,0.0011010505,0.9965603,9
0.7681528,0.082462415,0.025724154,0.0362505,0.08741021,9
0.18089439,0.039035425,0.011542273,0.0060797636,0.7624482,9
0.002011245,0.99174553,0.0018656573,0.0013175665,0.0030599388,9
0.020248204,0.95745885,0.0072966786,0.0105982395,0.0043979115,9
0.020530643,0.026854422,0.006612744,0.0036286772,0.9423736,9
0.12216558,0.78110045,0.032729235,0.032814283,0.031190474,9
0.07746486,0.22618811,0.051647563,0.023508169,0.62119126,9
0.5088231,0.4220695,0.010176224,0.058922894,8.327009e-06,9
0.0012496156,0.0015497728,0.0029572179,0.0019824656,0.992261,9
0.0044677793,0.8840431,0.0229144,0.008443586,0.08013122,9
0.0016373119,0.00020741922,0.0025694654,0.0024897286,0.99309605,9
0.20436907,0.76294637,0.014523253,0.015058257,0.0031031668,9
0.44564274,0.03643504,0.02198181,0.02840071,0.46753973,9
0.015800167,0.011501094,0.0047450974,0.0029982033,0.9649555,9
0.56027645,0.1322787,0.046279576,0.20110089,0.060064364,9
0.05884248,0.15890305,0.009789117,0.012388796,0.7600766,9
0.030424397,0.009711729,0.008458724,0.006901861,0.9445033,9
0.05667118,0.002812825,0.0019743342,0.0033293497,0.9352124,9
0.00013573295,1.7251636e-05,0.00044661775,0.00094978657,0.99845064,9
0.012427289,0.020436158,0.0039532715,0.0031532145,0.96003,9
0.0004296311,0.001396756,0.0011783792,0.0015302725,0.995465,9
0.019229347,0.0069616856,0.0092504565,0.0078003365,0.9567582,9
0.11623035,0.43082336,0.039265856,0.046751875,0.36692852,9
0.025065443,0.0056139976,0.00095616194,0.0011251615,0.96723926,9
0.20786424,0.09847679,0.09956877,0.04055706,0.5535331,9
0.07203212,0.024020428,0.0077824164,0.0073325704,0.88883245,9
0.03585161,0.93803567,0.006132779,0.01614985,0.0038300438,9
0.06186557,0.002852824,0.033820886,0.026715191,0.8747455,9
0.22453253,0.0113516105,0.0124656465,0.01184648,0.73980373,9
0.0050129015,0.5520375,0.009087734,0.004942958,0.42891884,9
0.0015277788,0.047411077,0.003338534,0.0013002384,0.94642234,9
0.0008259085,1.0932189e-06,2.684268e-05,8.788435e-05,0.9990583,9
0.4750143,0.47181058,0.019424861,0.033654884,9.53449e-05,9
0.013755788,0.90536124,0.023265839,0.008592702,0.049024414,9
0.119353145,0.25920665,0.06900737,0.035476036,0.5169568,9
0.036381133,0.003524885,0.00800542,0.010995314,0.94109327,9
0.0042734253,0.026506301,0.0034957917,0.0019733657,0.9637511,9
0.06746589,0.86238873,0.01902779,0.015104305,0.036013175,9
0.00211303,0.000471608,0.0014993045,0.0024536825,0.99346244,9
0.19146499,0.6863837,0.02005602,0.0400645,0.062030643,9
0.009916125,0.005190054,0.007965315,0.0065780315,0.97035044,9
0.051081344,0.005023473,0.0051548844,0.0057397936,0.93300045,9
0.4574544,0.03434658,0.032081787,0.025885098,0.45023212,9
0.0037822677,0.001898712,0.0030849676,0.0017464644,0.98948765,9
0.013745824,0.6919449,0.020684429,0.0077913464,0.26583353,9
0.0003524284,2.2333099e-05,0.0010806243,0.0015846187,0.99696004,9
0.0025706585,0.0014483933,0.0013183636,0.0014758825,0.9931867,9
0.0044563673,0.013348801,0.0032492217,0.0019202512,0.9770254,9
0.0026447994,0.0007486419,0.0017626178,0.0019656608,0.99287826,9
0.007363628,0.0042305584,0.0039985767,0.0038608601,0.9805464,9
0.0013722248,0.0012877311,0.0017140096,0.001152001,0.994474,9
0.0030711438,1.0072524e-05,0.00012681886,0.0003734124,0.9964186,9
0.0020982858,0.0020843786,0.0022547084,0.0014137883,0.9921489,9
0.90553695,0.039417118,0.010530681,0.035760585,0.0087545905,9
0.014369462,0.0015890367,0.0021336586,0.0020138694,0.979894,9
0.03600523,0.95279723,0.0044531375,0.0067425817,1.832266e-06,9
0.31472996,0.032468334,0.47444865,0.10069705,0.07765603,9
0.08324761,0.023962265,0.01546783,0.023474092,0.8538482,9
0.004742194,0.036422394,0.00275676,0.0012834492,0.9547952,9
0.03256797,0.046595667,0.01732367,0.017691474,0.88582116,9
0.28363386,0.04543745,0.44787896,0.109321386,0.11372833,9
0.0026093537,0.023289887,0.0022659844,0.0015772483,0.9702575,9
0.009576686,0.004702356,0.003720306,0.002395863,0.97960484,9
0.005439847,0.05718299,0.0102467835,0.0064370083,0.9206934,9
0.014216826,0.07127012,0.0041082413,0.0024704055,0.9079344,9
0.006148802,0.0063150027,0.0019899714,0.0020202103,0.983526,9
0.080052696,0.71846205,0.03257399,0.16840167,0.000509487,9
0.011874804,0.00033515427,0.0060363747,0.0055730976,0.9761806,9
0.031056043,0.03894525,0.009023147,0.0051434804,0.9158321,9
0.16795841,0.009067761,0.37276888,0.09824277,0.3519622,9
0.11959246,0.22022207,0.067426704,0.0378807,0.55487806,9
0.0010344987,0.91209304,0.0073237903,0.0021262253,0.07742243,9
0.03807404,0.04033138,0.010794608,0.013474357,0.8973256,9
4.6573532e-05,2.2244676e-05,0.00051808765,0.0005324001,0.9988807,9
0.0013627879,0.00035659238,0.0007088339,0.00064549636,0.99692625,9
0.020135703,0.0012295002,0.0040478143,0.0030327353,0.9715542,9
0.00093297346,0.0001436598,0.0010183199,0.0017067974,0.99619824,9
0.00059793436,3.7696667e-05,0.0013566893,0.0032373755,0.99477035,9
0.000917018,0.0025255675,0.0013461692,0.001196338,0.9940149,9
0.80951685,0.1531963,0.0067681633,0.030489787,2.8889048e-05,9
0.23390442,0.72933257,0.015558703,0.018898346,0.002306093,9
0.075375,0.30920765,0.050324097,0.023235736,0.5418576,9
0.0014230815,0.0027931088,0.0011995732,0.0012993015,0.99328494,9
0.041618016,0.30297214,0.035990845,0.021039091,0.5983799,9
0.09920175,0.28894192,0.09047311,0.03407864,0.48730457,9
0.0013301736,0.0147096105,0.0026916307,0.0018643253,0.9794042,9
0.08250871,0.0028631608,0.0025159295,0.005316606,0.90679556,9
0.0031862443,0.020711306,0.0037731933,0.002922761,0.9694065,9
0.32065684,0.041316155,0.018878618,0.015538976,0.60360944,9
0.11988861,0.7852824,0.059465416,0.031981666,0.0033819615,9
0.2141029,0.1406869,0.24913299,0.07689134,0.31918585,9
0.029728834,0.00886221,0.013161626,0.010434103,0.9378132,9
0.011306437,0.0011899505,0.0027223253,0.0026178248,0.9821634,9
0.0027271807,0.04251249,0.004383802,0.0033379528,0.94703853,9
0.015663432,0.042112876,0.010003571,0.006190867,0.9260292,9
0.044765532,0.112454936,0.048494402,0.031000432,0.7632847,9
0.0031200345,0.00015924106,0.0023126812,0.0021399208,0.99226815,9
0.16902265,0.023574553,0.012791436,0.012458284,0.78215307,9
0.6528584,0.08956989,0.01748069,0.02743209,0.21265899,9
0.025310999,0.006468741,0.0058558867,0.004658591,0.95770574,9
0.009997501,0.91191775,0.06260522,0.01520476,0.00027476196,9
0.17677362,0.74488163,0.0061698756,0.009248082,0.06292672,10
0.0019247207,0.0073346663,0.0006107677,0.0002830855,0.98984677,10
0.0005389019,0.0026401929,0.0010384278,0.0016786641,0.99410385,10
0.0017309937,0.0024794396,0.0003367514,0.0005906762,0.99486214,10
0.09676451,0.39516658,0.014787845,0.027377365,0.4659037,10
0.14130154,0.022949813,0.14159405,0.17028382,0.5238708,10
0.7995453,0.12751967,0.008926656,0.025004167,0.039004162,10
0.021775309,0.8210541,0.012567506,0.0018245932,0.1427784,10
0.0016463582,0.00027274792,0.00020876183,0.00024863367,0.9976235,10
0.0059928093,0.06988278,0.00083085947,0.00029103603,0.92300254,10
0.12569088,0.7378947,0.0023242813,0.0025388363,0.13155124,10
0.0025473644,0.0009667552,0.00076364033,0.0003764764,0.9953458,10
0.049759224,0.007092224,0.00063152617,0.000894436,0.9416226,10
0.009741317,0.12853214,0.002138907,0.0010656407,0.858522,10
0.00079287874,9.657075e-05,0.00043455078,0.00034839168,0.99832755,10
0.0008369052,0.0031011924,0.0011214644,0.0010291686,0.99391127,10
0.002577692,0.0031341552,0.00065248524,0.0007234475,0.99291223,10
0.0037520877,0.0033944973,0.001783487,0.0014190304,0.98965096,10
5.4819e-06,5.0005106e-05,7.854823e-05,3.212105e-05,0.9998338,10
0.00061846507,0.0051756464,0.0009107851,0.0005850003,0.9927101,10
0.23519684,0.31300518,0.013343423,0.0115670115,0.42688754,10
0.59004796,0.102860436,0.094310716,0.010421816,0.20235908,10
0.004061786,0.039796874,0.000576942,0.0002550379,0.9553094,10
0.005995722,0.006017811,0.0028848094,0.0022358273,0.98286575,10
0.008304896,0.17868927,0.0020612753,0.00055024744,0.8103942,10
0.0006973203,0.0001975461,0.00073954667,0.00055705267,0.9978085,10
0.06398268,0.7445569,0.014510852,0.028989224,0.14796029,10
0.010806569,0.0529895,0.006066522,0.005578643,0.9245588,10
0.0049805823,0.044633724,0.0035338693,0.0013526089,0.94549924,10
0.002741119,0.004720847,0.0009988167,0.0011229988,0.99041617,10
0.0014915969,0.78691083,0.0065303487,0.0025193046,0.20254783,10
0.0018876065,0.0002909931,0.000295195,0.00064648176,0.9968797,10
0.023414254,0.37718067,0.016881598,0.004984196,0.57753927,10
0.7612927,0.21851023,0.007053999,0.008833811,0.004309355,10
0.14137127,0.03661252,0.0033656172,0.0059858304,0.8126647,10
0.005720673,0.0082756905,0.0016991184,0.0057467115,0.9785579,10
0.11220682,0.1981852,0.013472272,0.0048146835,0.6713211,10
0.0015497197,0.002201082,0.0007649317,0.0008679852,0.9946163,10
0.035954934,0.0010195953,0.0017035867,0.0019190763,0.95940286,10
0.14119154,0.7205743,0.0022430243,0.0020192242,0.13397186,10
0.17587447,0.015758913,0.029497227,0.021757662,0.75711167,10
0.0004548293,0.006214056,0.0012653706,0.0026676105,0.9893981,10
0.20565134,0.23153833,0.029528411,0.03355463,0.49972728,10
0.8048158,0.0715204,0.007997812,0.011018071,0.10464792,10
0.090687245,0.9016751,0.0010200576,0.0010818269,0.00553574,10
0.054213237,0.18602672,0.0112304315,0.004497036,0.74403256,10
0.0006481109,0.003308385,0.0014375814,0.001174152,0.99343175,10
0.0005766405,0.0030173326,0.0010174771,0.0007287062,0.99465984,10
0.1977271,0.006629804,0.005561598,0.0079037165,0.7821778,10
0.0052751363,0.0705,0.0052306075,0.002125357,0.9168689,10
0.80839044,0.1725743,0.00854098,0.009908995,0.0005852259,10
0.012543955,0.11693607,0.004005652,0.001521166,0.8649932,10
0.00333185,0.010061887,0.003400687,0.005818994,0.9773866,10
0.006236987,0.0006496035,0.00024723497,0.00058621867,0.99228,10
0.011108117,0.00863609,0.0028591042,0.0039607533,0.973436,10
0.010802862,0.3459767,0.0057286094,0.002235929,0.63525593,10
0.24265957,0.2156869,0.06190043,0.02547127,0.45428187,10
0.008000279,0.04053222,0.002065305,0.00084929384,0.9485529,10
0.09302477,0.25539273,0.016175052,0.004965782,0.6304416,10
0.7202675,0.13708247,0.008489531,0.015396023,0.11876449,10
0.017699562,0.0026819664,0.0031869013,0.0017051055,0.97472644,10
0.0029659718,0.0009625759,0.0023261115,0.0013442961,0.992401,10
0.01661187,0.6577084,0.009652533,0.0046657925,0.31136143,10
0.0011886826,0.0003719614,0.0007429713,0.000863842,0.99683255,10
0.000111822075,0.00014024187,0.00047367532,0.0003943622,0.99887985,10
0.005538188,0.05057227,0.008088644,0.0017141133,0.93408686,10
0.012194576,0.056932896,0.0047716587,0.010839736,0.91526115,10
0.0031211725,0.00029968313,0.0009995251,0.0034870687,0.99209255,10
0.561204,0.11229013,0.041771546,0.11535412,0.16938013,10
0.20045504,0.046316337,0.01648834,0.015439816,0.7213005,10
0.028925158,0.016226288,0.008409886,0.002354434,0.9440843,10
0.0019206807,0.06066596,0.0056367866,0.002394684,0.92938185,10
0.039059486,0.009922421,0.0039826217,0.007969065,0.9390664,10
0.00058411766,0.014347405,0.0013085118,0.0007680986,0.9829919,10
0.0053577176,0.0010218043,0.001219971,0.0015060558,0.99089444,10
0.7455448,0.043518234,0.027541012,0.11356598,0.06983007,10
0.040103957,0.6953711,0.0080023445,0.0018648845,0.25465775,10
0.0062231408,0.0074094846,0.0029656172,0.0036969266,0.97970486,10
0.0039780675,0.0018026932,0.00166785,0.0015861839,0.99096525,10
0.028833155,0.19963612,0.005005947,0.0020437366,0.76448107,10
0.0043554874,0.0004791226,0.002943211,0.0027798396,0.98944235,10
0.0035027505,0.27948627,0.004254728,0.0020790768,0.7106772,10
0.06378204,0.07929559,0.20409125,0.13730828,0.51552284,10
0.04733252,0.29882917,0.046568554,0.015751978,0.59151775,10
0.021817755,0.067096375,0.010082221,0.004011859,0.8969918,10
0.0021585359,0.14535718,0.0012656733,0.0008708258,0.8503478,10
0.011221962,0.006743803,0.003186208,0.0023516251,0.9764964,10
0.0007934725,0.00024127531,0.00040014408,0.0007249423,0.99784017,10
0.012662675,0.068509825,0.0013721713,0.00085139746,0.9166039,10
0.0050082942,0.043673467,0.0068630613,0.0074645216,0.9369906,10
0.0001114577,0.00043638973,0.0001679304,0.00025133698,0.99903286,10
0.03185339,0.023045845,0.01292858,0.0053643105,0.92680794,10
0.000649341,0.0009184025,0.0009788924,0.0009641321,0.9964893,10
0.2594597,0.31719083,0.0124217365,0.002709857,0.4082178,10
0.0044416357,0.9896835,0.0009403108,0.0008434822,0.004091044,10
0.001570487,0.0019193086,0.00093568757,0.0018505072,0.99372405,10
0.001630322,0.13273741,0.006681168,0.0031512612,0.8557998,10
0.00055052806,0.00034141165,0.0013557364,0.00096743036,0.9967849,10
0.07240026,0.0018353788,0.0036842972,0.0061873044,0.9158928,10
0.0030820987,0.030570447,0.001920249,0.0023348273,0.9620924,10
0.009054952,0.28563726,0.0066748415,0.0017048388,0.69692814,10
0.027513362,0.6016352,0.026808333,0.0139433965,0.33009973,10
0.008942599,0.9032631,0.010507139,0.004627029,0.07266008,10
0.0019795923,0.0002631055,0.0003998118,0.0006255316,0.996732,10
0.012253492,0.92879254,0.0009166083,0.0006651474,0.05737224,10
0.0076504224,0.0005510516,0.0037330473,0.0038769809,0.98418856,10
0.0021048014,0.0016085599,0.0007591298,0.00078317267,0.9947443,10
0.0040139323,0.10162593,0.0024169462,0.00094139273,0.89100176,10
0.052342717,0.012872191,0.0113780135,0.005949819,0.9174572,10
0.0018762797,0.015157512,0.0015309383,0.0006966237,0.9807387,10
0.0040744506,0.0016535466,0.001027061,0.0012303382,0.9920145,10
0.5411999,0.01036171,0.010435916,0.00745604,0.43054637,10
0.8058593,0.1566686,0.009250605,0.01168693,0.01653461,10
0.26319364,0.07863822,0.040546,0.025793284,0.5918289,10
0.003543811,0.046786316,0.00419866,0.0016833413,0.9437878,10
0.06528907,0.16702344,0.00519201,0.0022801247,0.7602153,10
0.020819282,0.87062657,0.004190171,0.005444232,0.09891974,10
0.0019320381,0.008253813,0.0012250826,0.0007151952,0.98787385,10
0.010079741,0.30944932,0.0069167754,0.0039272383,0.66962695,10
0.12698609,0.65091187,0.009246894,0.026347578,0.18650751,10
0.015442248,0.0988213,0.016550701,0.017244542,0.85194117,10
0.23057416,0.039707586,0.0033567112,0.0016885728,0.7246729,10
1.8700243e-06,4.86174e-05,0.000101111415,4.968956e-05,0.9997987,10
0.51434505,0.45566022,0.010869641,0.015308549,0.0038164926,10
0.010541469,0.24516723,0.0317284,0.008116025,0.70444685,10
0.14394796,0.80531824,0.010833026,0.034073964,0.005826839,10
0.015010033,0.15116322,0.012321708,0.014110157,0.80739486,10
0.0147789065,0.0013033821,0.0012968096,0.0017719234,0.98084897,10
0.008039004,0.016901895,0.002470625,0.00090134755,0.97168714,10
0.13279492,0.015144739,0.013744712,0.007341647,0.83097404,10
0.12725966,0.65150976,0.00982101,0.010962931,0.20044664,10
0.022860793,0.8115385,0.03169087,0.0058713723,0.12803853,10
0.3181683,0.53126425,0.017315311,0.07442582,0.05882627,10
0.6534811,0.043383606,0.0049679265,0.0076960674,0.2904713,10
0.013516572,0.9214628,0.004050901,0.0027016182,0.058268156,10
0.011271722,0.0018579026,0.0019188942,0.003364092,0.98158747,10
0.00021754087,0.00034658628,0.00026100373,0.00030928437,0.9988656,10
0.00021155788,2.2106056e-05,0.00014274125,6.797395e-05,0.99955565,10
